Date,Total,lg,rgdp,rgdpl1,rgdpl2,rgdpl3,rgdpl4,ngdp,ngdpl1,ngdpl2,ngdpl3,ngdpl4,rinc,rincl1,rincl2,rincl3,rincl4,ninc,nincl1,nincl2,nincl3,nincl4,ur,dur,durl1,durl2,durl3,durl4,cpi,cpil1,cpil2,cpil3,cpil4,three,dthree,dthreel1,dthreel2,dthreel3,dthreel4,five,dfive,dfivel1,dfivel2,dfivel3,dfivel4,ten,dten,dtenl1,dtenl2,dtenl3,dtenl4,bbb,dbbb,dbbbl1,dbbbl2,dbbbl3,dbbbl4,ys,dys,dysl1,dysl2,dysl3,dysl4,yc,dyc,dycl1,dycl2,dycl3,dycl4,mor,dmor,dmorl1,dmorl2,dmorl3,dmorl4,prime,dprime,dprimel1,dprimel2,dprimel3,dprimel4,djia,ldjia,dldjia,dldjial1,dldjial2,dldjial3,dldjial4,hp,lhp,dlhp,dlhpl1,dlhpl2,dlhpl3,dlhpl4,cre,lcre,dlcre,dlcrel1,dlcrel2,dlcrel3,dlcrel4,vix,dvix,dvixl1,dvixl2,dvixl3,dvixl4
Q1 2005,5385250,0.05039,4.501920318,4.067300528,3.835269611,3.083328451,2.152143325,7.852683025,7.315302444,6.576352179,6.488228145,5.227876945,-4.607704321,5.148711239,2.637223077,4.662955584,1.854841153,-2.417206657,8.785697952,4.71981978,7.559354293,5.276712012,5.3,-0.133333333,0,-0.166666667,-0.1,-0.133333333,2.035558177,4.364691945,2.575436104,3.17951791,3.428157718,2.543606557,0.531993654,0.523331653,0.409410282,0.162741935,0.000483871,3.890819672,0.397109995,-0.011915323,-0.215342742,0.74,-0.263709677,4.303606557,0.127800106,-0.125599798,-0.295690524,0.587096774,-0.27516129,5.2,0.1,-0.3,-0.3,0.7,-0.4,0.896393443,-0.027800106,-0.174400202,-0.004309476,0.112903226,-0.12483871,1.76,-0.404193548,-0.648931452,-0.705100806,0.424354839,-0.275645161,5.755166667,0.020333355,-0.157666688,-0.236666667,0.522500006,-0.315666707,5.447580645,0.503136201,0.518663194,0.421875,0.00390625,0,11637.25,9.361966039,-0.026643386,0.092661899,-0.022761699,0.009481443,0.021960629,171.911,5.146976901,0.040510351,0.036248746,0.034850874,0.037749333,0.033948132,179.527,5.190325614,0.004829862,0.02399517,0.065421807,0.058879451,0.042645989,14.65,-1.93,-2.76,-0.62,-1.62,0.51
Q2 2005,5604580,0.04062,1.859066956,4.501920318,4.067300528,3.835269611,3.083328451,4.742568363,7.852683025,7.315302444,6.576352179,6.488228145,3.854317067,-4.607704321,5.148711239,2.637223077,4.662955584,6.372217529,-2.417206657,8.785697952,4.71981978,7.559354293,5.1,-0.2,-0.133333333,0,-0.166666667,-0.1,2.73069644,2.035558177,4.364691945,2.575436104,3.17951791,2.86671875,0.323112193,0.531993654,0.523331653,0.409410282,0.162741935,3.87296875,-0.017850922,0.397109995,-0.011915323,-0.215342742,0.74,4.15859375,-0.145012807,0.127800106,-0.125599798,-0.295690524,0.587096774,5.4,0.2,0.1,-0.3,-0.3,0.7,1.24140625,0.345012807,-0.027800106,-0.174400202,-0.004309476,0.112903226,1.291875,-0.468125,-0.404193548,-0.648931452,-0.705100806,0.424354839,5.719,-0.036166667,0.020333355,-0.157666688,-0.236666667,0.522500006,5.91796875,0.470388105,0.503136201,0.518663194,0.421875,0.00390625,11856.67,9.380646025,0.018679986,-0.026643386,0.092661899,-0.022761699,0.009481443,178.668,5.185529335,0.038552434,0.040510351,0.036248746,0.034850874,0.037749333,185.073,5.220750342,0.030424727,0.004829862,0.02399517,0.065421807,0.058879451,17.74,3.09,-1.93,-2.76,-0.62,-1.62
Q3 2005,6616487,0.06237,3.613287844,1.859066956,4.501920318,4.067300528,3.835269611,7.412126802,4.742568363,7.852683025,7.315302444,6.576352179,1.187630049,3.854317067,-4.607704321,5.148711239,2.637223077,5.584524577,6.372217529,-2.417206657,8.785697952,4.71981978,4.966666667,-0.133333333,-0.2,-0.133333333,0,-0.166666667,6.197561177,2.73069644,2.035558177,4.364691945,2.575436104,3.3634375,0.49671875,0.323112193,0.531993654,0.523331653,0.409410282,4.039375,0.16640625,-0.017850922,0.397109995,-0.011915323,-0.215342742,4.21515625,0.0565625,-0.145012807,0.127800106,-0.125599798,-0.295690524,5.475454545,0.075454545,0.2,0.1,-0.3,-0.3,1.260298295,0.018892045,0.345012807,-0.027800106,-0.174400202,-0.004309476,0.85171875,-0.44015625,-0.468125,-0.404193548,-0.648931452,-0.705100806,5.763,0.044,-0.036166667,0.020333355,-0.157666688,-0.236666667,6.43359375,0.515625,0.470388105,0.503136201,0.518663194,0.421875,12282.87,9.415961233,0.035315208,0.018679986,-0.026643386,0.092661899,-0.022761699,184.804,5.219295804,0.033766469,0.038552434,0.040510351,0.036248746,0.034850874,191.386,5.254292331,0.033541989,0.030424727,0.004829862,0.02399517,0.065421807,14.17,-3.57,3.09,-1.93,-2.76,-0.62
Q4 2005,6789305,0.02555,2.549878115,3.613287844,1.859066956,4.501920318,4.067300528,5.891511975,7.412126802,4.742568363,7.852683025,7.315302444,5.223020958,1.187630049,3.854317067,-4.607704321,5.148711239,8.55311504,5.584524577,6.372217529,-2.417206657,8.785697952,4.966666667,0,-0.133333333,-0.2,-0.133333333,0,3.78257867,6.197561177,2.73069644,2.035558177,4.364691945,3.826229508,0.462792008,0.49671875,0.323112193,0.531993654,0.523331653,4.391147541,0.351772541,0.16640625,-0.017850922,0.397109995,-0.011915323,4.488196721,0.273040471,0.0565625,-0.145012807,0.127800106,-0.125599798,5.799846154,0.324391608,0.075454545,0.2,0.1,-0.3,1.311649433,0.051351137,0.018892045,0.345012807,-0.027800106,-0.174400202,0.661967213,-0.189751537,-0.44015625,-0.468125,-0.404193548,-0.648931452,6.222333351,0.459333351,0.044,-0.036166667,0.020333355,-0.157666688,6.971311475,0.537717725,0.515625,0.470388105,0.503136201,0.518663194,12497.18,9.433258321,0.017297089,0.035315208,0.018679986,-0.026643386,0.092661899,190.146,5.247792198,0.028496394,0.033766469,0.038552434,0.040510351,0.036248746,198.899,5.292797158,0.038504827,0.033541989,0.030424727,0.004829862,0.02399517,16.47,2.3,-3.57,3.09,-1.93,-2.76
Q1 2006,7648324,0.05433,5.428273124,2.549878115,3.613287844,1.859066956,4.501920318,8.401562628,5.891511975,7.412126802,4.742568363,7.852683025,8.006882485,5.223020958,1.187630049,3.854317067,-4.607704321,10.22195867,8.55311504,5.584524577,6.372217529,-2.417206657,4.733333333,-0.233333333,0,-0.133333333,-0.2,-0.133333333,2.099310503,3.78257867,6.197561177,2.73069644,2.035558177,4.398870968,0.57264146,0.462792008,0.49671875,0.323112193,0.531993654,4.552419355,0.161271814,0.351772541,0.16640625,-0.017850922,0.397109995,4.577096774,0.088900053,0.273040471,0.0565625,-0.145012807,0.127800106,5.83421875,0.034372596,0.324391608,0.075454545,0.2,0.1,1.257121976,-0.054527457,0.051351137,0.018892045,0.345012807,-0.027800106,0.178225806,-0.483741407,-0.189751537,-0.44015625,-0.468125,-0.404193548,6.2405,0.018166649,0.459333351,0.044,-0.036166667,0.020333355,7.439516129,0.468204654,0.537717725,0.515625,0.470388105,0.503136201,13121.56,9.482012278,0.048753957,0.017297089,0.035315208,0.018679986,-0.026643386,193.256,5.264015735,0.016223537,0.028496394,0.033766469,0.038552434,0.040510351,204.486,5.320499513,0.027702355,0.038504827,0.033541989,0.030424727,0.004829862,14.56,-1.91,2.3,-3.57,3.09,-1.93
Q2 2006,7868527,0.05673,0.938081001,5.428273124,2.549878115,3.613287844,1.859066956,4.358624228,8.401562628,5.891511975,7.412126802,4.742568363,0.978836717,8.006882485,5.223020958,1.187630049,3.854317067,4.269329409,10.22195867,8.55311504,5.584524577,6.372217529,4.633333333,-0.1,-0.233333333,0,-0.133333333,-0.2,3.658780517,2.099310503,3.78257867,6.197561177,2.73069644,4.708253968,0.309383001,0.57264146,0.462792008,0.49671875,0.323112193,4.993174603,0.440755248,0.161271814,0.351772541,0.16640625,-0.017850922,5.072698413,0.495601639,0.088900053,0.273040471,0.0565625,-0.145012807,6.325076923,0.490858173,0.034372596,0.324391608,0.075454545,0.2,1.25237851,-0.004743465,-0.054527457,0.051351137,0.018892045,0.345012807,0.364444444,0.186218638,-0.483741407,-0.189751537,-0.44015625,-0.468125,6.595666667,0.355166667,0.018166649,0.459333351,0.044,-0.036166667,7.90234375,0.462827621,0.468204654,0.537717725,0.515625,0.470388105,12808.89,9.457894769,-0.024117509,0.048753957,0.017297089,0.035315208,0.018679986,192.656,5.260906215,-0.00310952,0.016223537,0.028496394,0.033766469,0.038552434,212.573,5.359285459,0.038785945,0.027702355,0.038504827,0.033541989,0.030424727,23.81,9.25,-1.91,2.3,-3.57,3.09
Q3 2006,8441621,0.0729,0.619967326,0.938081001,5.428273124,2.549878115,3.613287844,3.467160894,4.358624228,8.401562628,5.891511975,7.412126802,1.041343389,0.978836717,8.006882485,5.223020958,1.187630049,3.989652613,4.269329409,10.22195867,8.55311504,5.584524577,4.633333333,0,-0.1,-0.233333333,0,-0.133333333,3.829892668,3.658780517,2.099310503,3.78257867,6.197561177,4.906825397,0.198571429,0.309383001,0.57264146,0.462792008,0.49671875,4.842222222,-0.150952381,0.440755248,0.161271814,0.351772541,0.16640625,4.893492063,-0.179206349,0.495601639,0.088900053,0.273040471,0.0565625,6.302424242,-0.022652681,0.490858173,0.034372596,0.324391608,0.075454545,1.408932179,0.156553669,-0.004743465,-0.054527457,0.051351137,0.018892045,-0.013333333,-0.377777778,0.186218638,-0.483741407,-0.189751537,-0.44015625,6.563,-0.032666667,0.355166667,0.018166649,0.459333351,0.044,8.25,0.34765625,0.462827621,0.468204654,0.537717725,0.515625,13322.49,9.497208549,0.03931378,-0.024117509,0.048753957,0.017297089,0.035315208,191.197,5.25330431,-0.007601905,-0.00310952,0.016223537,0.028496394,0.033766469,220.85,5.397483738,0.038198279,0.038785945,0.027702355,0.038504827,0.033541989,18.64,-5.17,9.25,-1.91,2.3,-3.57
Q4 2006,8257690,0.01499,3.451249179,0.619967326,0.938081001,5.428273124,2.549878115,4.987259931,3.467160894,4.358624228,8.401562628,5.891511975,5.38304262,1.041343389,0.978836717,8.006882485,5.223020958,4.673722955,3.989652613,4.269329409,10.22195867,8.55311504,4.433333333,-0.2,0,-0.1,-0.233333333,0,-1.630622187,3.829892668,3.658780517,2.099310503,3.78257867,4.903548387,-0.00327701,0.198571429,0.309383001,0.57264146,0.462792008,4.601774194,-0.240448029,-0.150952381,0.440755248,0.161271814,0.351772541,4.630645161,-0.262846902,-0.179206349,0.495601639,0.088900053,0.273040471,6.019384615,-0.283039627,-0.022652681,0.490858173,0.034372596,0.324391608,1.388739454,-0.020192725,0.156553669,-0.004743465,-0.054527457,0.051351137,-0.272903226,-0.259569892,-0.377777778,0.186218638,-0.483741407,-0.189751537,6.244166655,-0.318833345,-0.032666667,0.355166667,0.018166649,0.459333351,8.25,0,0.34765625,0.462827621,0.468204654,0.537717725,14215.82,9.562110463,0.064901914,0.03931378,-0.024117509,0.048753957,0.017297089,190.675,5.250570408,-0.002733902,-0.007601905,-0.00310952,0.016223537,0.028496394,223.21,5.408113032,0.010629294,0.038198279,0.038785945,0.027702355,0.038504827,12.67,-5.97,-5.17,9.25,-1.91,2.3
Q1 2007,8017028,0.01744,0.945305075,3.451249179,0.619967326,0.938081001,5.428273124,4.972598181,4.987259931,3.467160894,4.358624228,8.401562628,3.45014517,5.38304262,1.041343389,0.978836717,8.006882485,7.413621747,4.673722955,3.989652613,4.269329409,10.22195867,4.5,0.066666667,-0.2,0,-0.1,-0.233333333,3.979629912,-1.630622187,3.829892668,3.658780517,2.099310503,4.978225806,0.074677419,-0.00327701,0.198571429,0.309383001,0.57264146,4.643387097,0.041612903,-0.240448029,-0.150952381,0.440755248,0.161271814,4.679032258,0.048387097,-0.262846902,-0.179206349,0.495601639,0.088900053,6.031692308,0.012307692,-0.283039627,-0.022652681,0.490858173,0.034372596,1.35266005,-0.036079404,-0.020192725,0.156553669,-0.004743465,-0.054527457,-0.299193548,-0.026290323,-0.259569892,-0.377777778,0.186218638,-0.483741407,6.2195,-0.024666655,-0.318833345,-0.032666667,0.355166667,0.018166649,8.25,0,0,0.34765625,0.462827621,0.468204654,14354.03,9.571785683,0.00967522,0.064901914,0.03931378,-0.024117509,0.048753957,188.567,5.239453381,-0.011117027,-0.002733902,-0.007601905,-0.00310952,0.016223537,230.733,5.441261198,0.033148165,0.010629294,0.038198279,0.038785945,0.027702355,19.63,6.96,-5.97,-5.17,9.25,-1.91
Q2 2007,8024515,0.00081,2.311255879,0.945305075,3.451249179,0.619967326,0.938081001,4.983155107,4.972598181,4.987259931,3.467160894,4.358624228,1.026036256,3.45014517,5.38304262,1.041343389,0.978836717,4.344248108,7.413621747,4.673722955,3.989652613,4.269329409,4.5,0,0.066666667,-0.2,0,-0.1,4.607758719,3.979629912,-1.630622187,3.829892668,3.658780517,4.7375,-0.240725806,0.074677419,-0.00327701,0.198571429,0.309383001,4.76078125,0.117394153,0.041612903,-0.240448029,-0.150952381,0.440755248,4.84609375,0.167061492,0.048387097,-0.262846902,-0.179206349,0.495601639,6.2253125,0.193620192,0.012307692,-0.283039627,-0.022652681,0.490858173,1.37921875,0.0265587,-0.036079404,-0.020192725,0.156553669,-0.004743465,0.10859375,0.407787298,-0.026290323,-0.259569892,-0.377777778,0.186218638,6.3665,0.147,-0.024666655,-0.318833345,-0.032666667,0.355166667,8.25,0,0,0,0.34765625,0.462827621,15163.1,9.62662031,0.054834627,0.00967522,0.064901914,0.03931378,-0.024117509,183.268,5.210949562,-0.028503819,-0.011117027,-0.002733902,-0.007601905,-0.00310952,239.934,5.480363886,0.039102688,0.033148165,0.010629294,0.038198279,0.038785945,18.89,-0.74,6.96,-5.97,-5.17,9.25
Q3 2007,8549177,0.0148,2.190858158,2.311255879,0.945305075,3.451249179,0.619967326,4.31326036,4.983155107,4.972598181,4.987259931,3.467160894,0.356182179,1.026036256,3.45014517,5.38304262,1.041343389,2.639444498,4.344248108,7.413621747,4.673722955,3.989652613,4.666666667,0.166666667,0,0.066666667,-0.2,0,2.556193794,4.607758719,3.979629912,-1.630622187,3.829892668,4.314920635,-0.422579365,-0.240725806,0.074677419,-0.00327701,0.198571429,4.512698413,-0.248082837,0.117394153,0.041612903,-0.240448029,-0.150952381,4.738412698,-0.107681052,0.167061492,0.048387097,-0.262846902,-0.179206349,6.486212121,0.260899621,0.193620192,0.012307692,-0.283039627,-0.022652681,1.747799423,0.368580673,0.0265587,-0.036079404,-0.020192725,0.156553669,0.423492063,0.314898313,0.407787298,-0.026290323,-0.259569892,-0.377777778,6.549833333,0.183333333,0.147,-0.024666655,-0.318833345,-0.032666667,8.178571429,-0.071428571,0,0,0,0.34765625,15317.78,9.636769486,0.010149176,0.054834627,0.00967522,0.064901914,0.03931378,177.785,5.180574955,-0.030374607,-0.028503819,-0.011117027,-0.002733902,-0.007601905,247.611,5.511858966,0.031495081,0.039102688,0.033148165,0.010629294,0.038198279,30.83,11.94,-0.74,6.96,-5.97,-5.17
Q4 2007,8836322,0.03367,2.453625929,2.190858158,2.311255879,0.945305075,3.451249179,4.092953959,4.31326036,4.983155107,4.972598181,4.987259931,0.271502127,0.356182179,1.026036256,3.45014517,5.38304262,4.273545777,2.639444498,4.344248108,7.413621747,4.673722955,4.8,0.133333333,0.166666667,0,0.066666667,-0.2,4.997586685,2.556193794,4.607758719,3.979629912,-1.630622187,3.405806452,-0.909114183,-0.422579365,-0.240725806,0.074677419,-0.00327701,3.797580645,-0.715117768,-0.248082837,0.117394153,0.041612903,-0.240448029,4.266612903,-0.471799795,-0.107681052,0.167061492,0.048387097,-0.262846902,6.338461538,-0.147750583,0.260899621,0.193620192,0.012307692,-0.283039627,2.071848635,0.324049212,0.368580673,0.0265587,-0.036079404,-0.020192725,0.860806452,0.437314388,0.314898313,0.407787298,-0.026290323,-0.259569892,6.225999987,-0.323833346,0.183333333,0.147,-0.024666655,-0.318833345,7.528225806,-0.650345622,-0.071428571,0,0,0,14753.62,9.599243922,-0.037525565,0.010149176,0.054834627,0.00967522,0.064901914,172.228,5.14881918,-0.031755775,-0.030374607,-0.028503819,-0.011117027,-0.002733902,247.387,5.510953912,-0.000905054,0.031495081,0.039102688,0.033148165,0.010629294,31.09,0.26,11.94,-0.74,6.96,-5.97
Q1 2008,8842626,0.00049,-2.279058403,2.453625929,2.190858158,2.311255879,0.945305075,-0.827362943,4.092953959,4.31326036,4.983155107,4.972598181,1.115265406,0.271502127,0.356182179,1.026036256,3.45014517,4.555785023,4.273545777,2.639444498,4.344248108,7.413621747,5,0.2,0.133333333,0.166666667,0,0.066666667,4.403661846,4.997586685,2.556193794,4.607758719,3.979629912,2.058360656,-1.347445796,-0.909114183,-0.422579365,-0.240725806,0.074677419,2.75147541,-1.046105235,-0.715117768,-0.248082837,0.117394153,0.041612903,3.665245902,-0.601367002,-0.471799795,-0.107681052,0.167061492,0.048387097,6.44984127,0.111379731,-0.147750583,0.260899621,0.193620192,0.012307692,2.784595368,0.712746733,0.324049212,0.368580673,0.0265587,-0.036079404,1.606885246,0.746078794,0.437314388,0.314898313,0.407787298,-0.026290323,5.881833333,-0.344166654,-0.323833346,0.183333333,0.147,-0.024666655,6.189516129,-1.338709677,-0.650345622,-0.071428571,0,0,13284.11,9.494324226,-0.104919696,-0.037525565,0.010149176,0.054834627,0.00967522,165.328,5.107931379,-0.040887801,-0.031755775,-0.030374607,-0.028503819,-0.011117027,234.924,5.459262058,-0.051691855,-0.000905054,0.031495081,0.039102688,0.033148165,32.24,1.15,0.26,11.94,-0.74,6.96
Q2 2008,8651013,-0.02173,2.081602883,-2.279058403,2.453625929,2.190858158,2.311255879,4.287352134,-0.827362943,4.092953959,4.31326036,4.983155107,7.523260249,1.115265406,0.271502127,0.356182179,1.026036256,12.02184507,4.555785023,4.273545777,2.639444498,4.344248108,5.333333333,0.333333333,0.2,0.133333333,0.166666667,0,5.306179123,4.403661846,4.997586685,2.556193794,4.607758719,1.62265625,-0.435704406,-1.347445796,-0.909114183,-0.422579365,-0.240725806,3.155,0.40352459,-1.046105235,-0.715117768,-0.248082837,0.117394153,3.8815625,0.216316598,-0.601367002,-0.471799795,-0.107681052,0.167061492,6.700909091,0.251067821,0.111379731,-0.147750583,0.260899621,0.193620192,2.819346591,0.034751223,0.712746733,0.324049212,0.368580673,0.0265587,2.25890625,0.652021004,0.746078794,0.437314388,0.314898313,0.407787298,6.091166667,0.209333333,-0.344166654,-0.323833346,0.183333333,0.147,5.08203125,-1.107484879,-1.338709677,-0.650345622,-0.071428571,0,13016.38,9.47396418,-0.020360046,-0.104919696,-0.037525565,0.010149176,0.054834627,157.603,5.060079213,-0.047852167,-0.040887801,-0.031755775,-0.030374607,-0.028503819,224.3,5.412984442,-0.046277616,-0.051691855,-0.000905054,0.031495081,0.039102688,24.12,-8.12,1.15,0.26,11.94,-0.74
Q3 2008,8288386,-0.04198,-2.147901785,2.081602883,-2.279058403,2.453625929,2.190858158,0.801445899,4.287352134,-0.827362943,4.092953959,4.31326036,-8.142984758,7.523260249,1.115265406,0.271502127,0.356182179,-4.275830628,12.02184507,4.555785023,4.273545777,2.639444498,6,0.666666667,0.333333333,0.2,0.133333333,0.166666667,6.311637802,5.306179123,4.403661846,4.997586685,2.556193794,1.49609375,-0.1265625,-0.435704406,-1.347445796,-0.909114183,-0.422579365,3.1128125,-0.0421875,0.40352459,-1.046105235,-0.715117768,-0.248082837,3.8621875,-0.019375,0.216316598,-0.601367002,-0.471799795,-0.107681052,7.128656716,0.427747626,0.251067821,0.111379731,-0.147750583,0.260899621,3.266469216,0.447122626,0.034751223,0.712746733,0.324049212,0.368580673,2.36609375,0.1071875,0.652021004,0.746078794,0.437314388,0.314898313,6.313666667,0.2225,0.209333333,-0.344166654,-0.323833346,0.183333333,5,-0.08203125,-1.107484879,-1.338709677,-0.650345622,-0.071428571,11826,9.378055872,-0.095908308,-0.020360046,-0.104919696,-0.037525565,0.010149176,150.431,5.013504507,-0.046574705,-0.047852167,-0.040887801,-0.031755775,-0.030374607,230.366,5.439669348,0.026684907,-0.046277616,-0.051691855,-0.000905054,0.031495081,46.72,22.6,-8.12,1.15,0.26,11.94
Q4 2008,8247055,-0.00494,-8.378350762,-2.147901785,2.081602883,-2.279058403,2.453625929,-7.227582566,0.801445899,4.287352134,-0.827362943,4.092953959,3.528775651,-8.142984758,7.523260249,1.115265406,0.271502127,-2.547691819,-4.275830628,12.02184507,4.555785023,4.273545777,6.866666667,0.866666667,0.666666667,0.333333333,0.2,0.133333333,-8.850840086,6.311637802,5.306179123,4.403661846,4.997586685,0.307096774,-1.188996976,-0.1265625,-0.435704406,-1.347445796,-0.909114183,2.172741935,-0.940070565,-0.0421875,0.40352459,-1.046105235,-0.715117768,3.234677419,-0.627510081,-0.019375,0.216316598,-0.601367002,-0.471799795,9.677878788,2.549222071,0.427747626,0.251067821,0.111379731,-0.147750583,6.443201369,3.176732152,0.447122626,0.034751223,0.712746733,0.324049212,2.927580645,0.561486895,0.1071875,0.652021004,0.746078794,0.437314388,5.873333305,-0.440333362,0.2225,0.209333333,-0.344166654,-0.323833346,4.046875,-0.953125,-0.08203125,-1.107484879,-1.338709677,-0.650345622,9056.67,9.111256997,-0.266798875,-0.095908308,-0.020360046,-0.104919696,-0.037525565,142.862,4.961879129,-0.051625378,-0.046574705,-0.047852167,-0.040887801,-0.031755775,219.267,5.390290165,-0.049379183,0.026684907,-0.046277616,-0.051691855,-0.000905054,80.86,34.14,22.6,-8.12,1.15,0.26
Q1 2009,8058272,-0.02256,-4.415717989,-8.378350762,-2.147901785,2.081602883,-2.279058403,-4.456524611,-7.227582566,0.801445899,4.287352134,-0.827362943,-1.704298561,3.528775651,-8.142984758,7.523260249,1.115265406,-4.043224359,-2.547691819,-4.275830628,12.02184507,4.555785023,8.266666667,1.4,0.866666667,0.666666667,0.333333333,0.2,-2.72321855,-8.850840086,6.311637802,5.306179123,4.403661846,0.211803279,-0.095293496,-1.188996976,-0.1265625,-0.435704406,-1.347445796,1.761311475,-0.41143046,-0.940070565,-0.0421875,0.40352459,-1.046105235,2.736229508,-0.498447911,-0.627510081,-0.019375,0.216316598,-0.601367002,9.142307692,-0.535571096,2.549222071,0.427747626,0.251067821,0.111379731,6.406078184,-0.037123184,3.176732152,0.447122626,0.034751223,0.712746733,2.52442623,-0.403154416,0.561486895,0.1071875,0.652021004,0.746078794,5.063499994,-0.809833311,-0.440333362,0.2225,0.209333333,-0.344166654,3.25,-0.796875,-0.953125,-0.08203125,-1.107484879,-1.338709677,8044.18,8.992704514,-0.118552483,-0.266798875,-0.095908308,-0.020360046,-0.104919696,138.674,4.932125855,-0.029753275,-0.051625378,-0.046574705,-0.047852167,-0.040887801,211.706,5.35519852,-0.035091646,-0.049379183,0.026684907,-0.046277616,-0.051691855,56.65,-24.21,34.14,22.6,-8.12,1.15
Q2 2009,8510158,-0.01835,-0.574716208,-4.415717989,-8.378350762,-2.147901785,2.081602883,-1.15366389,-4.456524611,-7.227582566,0.801445899,4.287352134,4.367988736,-1.704298561,3.528775651,-8.142984758,7.523260249,6.254094035,-4.043224359,-2.547691819,-4.275830628,12.02184507,9.3,1.033333333,1.4,0.866666667,0.666666667,0.333333333,2.144054585,-2.72321855,-8.850840086,6.311637802,5.306179123,0.17031746,-0.041485818,-0.095293496,-1.188996976,-0.1265625,-0.435704406,2.241746032,0.480434556,-0.41143046,-0.940070565,-0.0421875,0.40352459,3.320793651,0.584564143,-0.498447911,-0.627510081,-0.019375,0.216316598,8.108769231,-1.033538462,-0.535571096,2.549222071,0.427747626,0.251067821,4.78797558,-1.618102604,-0.037123184,3.176732152,0.447122626,0.034751223,3.15047619,0.626049961,-0.403154416,0.561486895,0.1071875,0.652021004,5.029166667,-0.034333327,-0.809833311,-0.440333362,0.2225,0.209333333,3.25,0,-0.796875,-0.953125,-0.08203125,-1.107484879,9342.81,9.142362642,0.149658128,-0.118552483,-0.266798875,-0.095908308,-0.020360046,138.56,4.931303445,-0.00082241,-0.029753275,-0.051625378,-0.046574705,-0.047852167,180.824,5.197524183,-0.157674337,-0.035091646,-0.049379183,0.026684907,-0.046277616,42.28,-14.37,-24.21,34.14,22.6,-8.12
Q3 2009,8384993,-0.01474,1.464418343,-0.574716208,-4.415717989,-8.378350762,-2.147901785,1.893397469,-1.15366389,-4.456524611,-7.227582566,0.801445899,-4.446876317,4.367988736,-1.704298561,3.528775651,-8.142984758,-1.780628402,6.254094035,-4.043224359,-2.547691819,-4.275830628,9.633333333,0.333333333,1.033333333,1.4,0.866666667,0.666666667,3.486245265,2.144054585,-2.72321855,-8.850840086,6.311637802,0.15984375,-0.01047371,-0.041485818,-0.095293496,-1.188996976,-0.1265625,2.4675,0.225753968,0.480434556,-0.41143046,-0.940070565,-0.0421875,3.5178125,0.197018849,0.584564143,-0.498447911,-0.627510081,-0.019375,6.511212121,-1.59755711,-1.033538462,-0.535571096,2.549222071,0.427747626,2.993399621,-1.794575959,-1.618102604,-0.037123184,3.176732152,0.447122626,3.35796875,0.20749256,0.626049961,-0.403154416,0.561486895,0.1071875,5.157333333,0.128166667,-0.034333327,-0.809833311,-0.440333362,0.2225,3.25,0,0,-0.796875,-0.953125,-0.08203125,10812.75,9.288481735,0.146119092,0.149658128,-0.118552483,-0.266798875,-0.095908308,139.146,4.935523742,0.004220297,-0.00082241,-0.029753275,-0.051625378,-0.046574705,161.797,5.086342463,-0.111181719,-0.157674337,-0.035091646,-0.049379183,0.026684907,31.3,-10.98,-14.37,-24.21,34.14,22.6
Q4 2009,14055659,-0.0243,4.466454788,1.464418343,-0.574716208,-4.415717989,-8.378350762,5.887250829,1.893397469,-1.15366389,-4.456524611,-7.227582566,-0.098741001,-4.446876317,4.367988736,-1.704298561,3.528775651,3.025793115,-1.780628402,6.254094035,-4.043224359,-2.547691819,9.933333333,0.3,0.333333333,1.033333333,1.4,0.866666667,3.168704837,3.486245265,2.144054585,-2.72321855,-8.850840086,0.060483871,-0.099359879,-0.01047371,-0.041485818,-0.095293496,-1.188996976,2.304193548,-0.163306452,0.225753968,0.480434556,-0.41143046,-0.940070565,3.464032258,-0.053780242,0.197018849,0.584564143,-0.498447911,-0.627510081,5.831969697,-0.679242424,-1.59755711,-1.033538462,-0.535571096,2.549222071,2.367937439,-0.625462182,-1.794575959,-1.618102604,-0.037123184,3.176732152,3.403548387,0.045579637,0.20749256,0.626049961,-0.403154416,0.561486895,4.919000017,-0.238333316,0.128166667,-0.034333327,-0.809833311,-0.440333362,3.25,0,0,0,-0.796875,-0.953125,11385.11,9.340061519,0.051579784,0.146119092,0.149658128,-0.118552483,-0.266798875,139.614,4.938881472,0.00335773,0.004220297,-0.00082241,-0.029753275,-0.051625378,158.288,5.064416159,-0.021926304,-0.111181719,-0.157674337,-0.035091646,-0.049379183,30.69,-0.61,-10.98,-14.37,-24.21,34.14
Q1 2010,13704506,-0.02568,1.548025095,4.466454788,1.464418343,-0.574716208,-4.415717989,2.576588726,5.887250829,1.893397469,-1.15366389,-4.456524611,2.269033311,-0.098741001,-4.446876317,4.367988736,-1.704298561,3.672718249,3.025793115,-1.780628402,6.254094035,-4.043224359,9.833333333,-0.1,0.3,0.333333333,1.033333333,1.4,0.635522725,3.168704837,3.486245265,2.144054585,-2.72321855,0.109836066,0.049352195,-0.099359879,-0.01047371,-0.041485818,-0.095293496,2.427377049,0.123183501,-0.163306452,0.225753968,0.480434556,-0.41143046,3.717868852,0.253836594,-0.053780242,0.197018849,0.584564143,-0.498447911,5.550923077,-0.28104662,-0.679242424,-1.59755711,-1.033538462,-0.535571096,1.833054224,-0.534883214,-0.625462182,-1.794575959,-1.618102604,-0.037123184,3.608032787,0.2044844,0.045579637,0.20749256,0.626049961,-0.403154416,4.995833333,0.076833316,-0.238333316,0.128166667,-0.034333327,-0.809833311,3.25,0,0,0,0,-0.796875,12032.45,9.395362174,0.055300655,0.051579784,0.146119092,0.149658128,-0.118552483,139.602,4.938795517,-0.000086,0.00335773,0.004220297,-0.00082241,-0.029753275,154.109,5.037660144,-0.026756014,-0.021926304,-0.111181719,-0.157674337,-0.035091646,27.31,-3.38,-0.61,-10.98,-14.37,-24.21
Q2 2010,13543762,-0.02427,3.73943565,1.548025095,4.466454788,1.464418343,-0.574716208,5.680437433,2.576588726,5.887250829,1.893397469,-1.15366389,6.75479985,2.269033311,-0.098741001,-4.446876317,4.367988736,7.237608076,3.672718249,3.025793115,-1.780628402,6.254094035,9.633333333,-0.2,-0.1,0.3,0.333333333,1.033333333,-0.141003278,0.635522725,3.168704837,3.486245265,2.144054585,0.14828125,0.038445184,0.049352195,-0.099359879,-0.01047371,-0.041485818,2.25484375,-0.172533299,0.123183501,-0.163306452,0.225753968,0.480434556,3.4925,-0.225368852,0.253836594,-0.053780242,0.197018849,0.584564143,5.39109375,-0.159829327,-0.28104662,-0.679242424,-1.59755711,-1.033538462,1.89859375,0.065539526,-0.534883214,-0.625462182,-1.794575959,-1.618102604,3.34421875,-0.263814037,0.2044844,0.045579637,0.20749256,0.626049961,4.907666667,-0.088166667,0.076833316,-0.238333316,0.128166667,-0.034333327,3.25,0,0,0,0,0,10645.78,9.272918576,-0.122443599,0.055300655,0.051579784,0.146119092,0.149658128,138.736,4.932572847,-0.00622267,-0.000086,0.00335773,0.004220297,-0.00082241,167.119,5.118706134,0.081045989,-0.026756014,-0.021926304,-0.111181719,-0.157674337,45.79,18.48,-3.38,-0.61,-10.98,-14.37
Q3 2010,13526470,-0.01164,2.981614484,3.73943565,1.548025095,4.466454788,1.464418343,4.186308328,5.680437433,2.576588726,5.887250829,1.893397469,2.876995511,6.75479985,2.269033311,-0.098741001,-4.446876317,3.604253032,7.237608076,3.672718249,3.025793115,-1.780628402,9.466666667,-0.166666667,-0.2,-0.1,0.3,0.333333333,1.177753054,-0.141003278,0.635522725,3.168704837,3.486245265,0.15484375,0.0065625,0.038445184,0.049352195,-0.099359879,-0.01047371,1.545,-0.70984375,-0.172533299,0.123183501,-0.163306452,0.225753968,2.78453125,-0.70796875,-0.225368852,0.253836594,-0.053780242,0.197018849,4.844179104,-0.546914646,-0.159829327,-0.28104662,-0.679242424,-1.59755711,2.059647854,0.161054104,0.065539526,-0.534883214,-0.625462182,-1.794575959,2.6296875,-0.71453125,-0.263814037,0.2044844,0.045579637,0.20749256,4.445833333,-0.461833333,-0.088166667,0.076833316,-0.238333316,0.128166667,3.25,0,0,0,0,0,11813.97,9.377037734,0.104119158,-0.122443599,0.055300655,0.051579784,0.146119092,136.125,4.913573581,-0.018999265,-0.00622267,-0.000086,0.00335773,0.004220297,168.036,5.124178242,0.005472109,0.081045989,-0.026756014,-0.021926304,-0.111181719,32.86,-12.93,18.48,-3.38,-0.61,-10.98
Q4 2010,13465708,0.01051,2.022775155,2.981614484,3.73943565,1.548025095,4.466454788,4.337434187,4.186308328,5.680437433,2.576588726,5.887250829,2.261402016,2.876995511,6.75479985,2.269033311,-0.098741001,4.760180368,3.604253032,7.237608076,3.672718249,3.025793115,9.5,0.033333333,-0.166666667,-0.2,-0.1,0.3,3.278448089,1.177753054,-0.141003278,0.635522725,3.168704837,0.139516129,-0.015327621,0.0065625,0.038445184,0.049352195,-0.099359879,1.503387097,-0.041612903,-0.70984375,-0.172533299,0.123183501,-0.163306452,2.878387097,0.093855847,-0.70796875,-0.225368852,0.253836594,-0.053780242,4.700298507,-0.143880597,-0.546914646,-0.159829327,-0.28104662,-0.679242424,1.821911411,-0.237736444,0.161054104,0.065539526,-0.534883214,-0.625462182,2.738870968,0.109183468,-0.71453125,-0.263814037,0.2044844,0.045579637,4.413000008,-0.032833325,-0.461833333,-0.088166667,0.076833316,-0.238333316,3.25,0,0,0,0,0,13131.47,9.482766672,0.105728938,0.104119158,-0.122443599,0.055300655,0.051579784,134.793,4.903740268,-0.009833313,-0.018999265,-0.00622267,-0.000086,0.00335773,168.697,5.128104206,0.003925964,0.005472109,0.081045989,-0.026756014,-0.021926304,23.54,-9.32,-12.93,18.48,-3.38,-0.61
Q1 2011,13392422,0.00075,-0.958301846,2.022775155,2.981614484,3.73943565,1.548025095,1.185880843,4.337434187,4.186308328,5.680437433,2.576588726,4.136363174,2.261402016,2.876995511,6.75479985,2.269033311,7.825004064,4.760180368,3.604253032,7.237608076,3.672718249,9.033333333,-0.466666667,0.033333333,-0.166666667,-0.2,-0.1,4.337695617,3.278448089,1.177753054,-0.141003278,0.635522725,0.126774194,-0.012741935,-0.015327621,0.0065625,0.038445184,0.049352195,2.119354839,0.615967742,-0.041612903,-0.70984375,-0.172533299,0.123183501,3.457419355,0.579032258,0.093855847,-0.70796875,-0.225368852,0.253836594,5.04,0.339701493,-0.143880597,-0.546914646,-0.159829327,-0.28104662,1.582580645,-0.239330766,-0.237736444,0.161054104,0.065539526,-0.534883214,3.330645161,0.591774194,0.109183468,-0.71453125,-0.263814037,0.2044844,4.847833333,0.434833325,-0.032833325,-0.461833333,-0.088166667,0.076833316,3.25,0,0,0,0,0,13908.51,9.540255872,0.0574892,0.105728938,0.104119158,-0.122443599,0.055300655,133.582,4.894715521,-0.009024747,-0.009833313,-0.018999265,-0.00622267,-0.000086,172.74,5.151787574,0.023683368,0.003925964,0.005472109,0.081045989,-0.026756014,29.4,5.86,-9.32,-12.93,18.48,-3.38
Q2 2011,13678325,0.02257,2.890710974,-0.958301846,2.022775155,2.981614484,3.73943565,5.619411813,1.185880843,4.337434187,4.186308328,5.680437433,-0.869388808,4.136363174,2.261402016,2.876995511,6.75479985,3.096055304,7.825004064,4.760180368,3.604253032,7.237608076,9.066666667,0.033333333,-0.466666667,0.033333333,-0.166666667,-0.2,4.626212,4.337695617,3.278448089,1.177753054,-0.141003278,0.045238095,-0.081536098,-0.012741935,-0.015327621,0.0065625,0.038445184,1.854444444,-0.264910394,0.615967742,-0.041612903,-0.70984375,-0.172533299,3.201428571,-0.255990783,0.579032258,0.093855847,-0.70796875,-0.225368852,4.799076923,-0.240923077,0.339701493,-0.143880597,-0.546914646,-0.159829327,1.597648352,0.015067706,-0.239330766,-0.237736444,0.161054104,0.065539526,3.156190476,-0.174454685,0.591774194,0.109183468,-0.71453125,-0.263814037,4.6625,-0.185333333,0.434833325,-0.032833325,-0.461833333,-0.088166667,3.25,0,0,0,0,0,13843.45,9.535567541,-0.004688331,0.0574892,0.105728938,0.104119158,-0.122443599,133.139,4.891393695,-0.003321826,-0.009024747,-0.009833313,-0.018999265,-0.00622267,173.785,5.157818903,0.006031329,0.023683368,0.003925964,0.005472109,0.081045989,22.73,-6.67,5.86,-9.32,-12.93,18.48
Q3 2011,13936840,0.01311,-0.111068359,2.890710974,-0.958301846,2.022775155,2.981614484,2.49223734,5.619411813,1.185880843,4.337434187,4.186308328,1.756522592,-0.869388808,4.136363174,2.261402016,2.876995511,3.745666659,3.096055304,7.825004064,4.760180368,3.604253032,9,-0.066666667,0.033333333,-0.466666667,0.033333333,-0.166666667,2.633885732,4.626212,4.337695617,3.278448089,1.177753054,0.025,-0.020238095,-0.081536098,-0.012741935,-0.015327621,0.0065625,1.1440625,-0.710381944,-0.264910394,0.615967742,-0.041612903,-0.70984375,2.41421875,-0.787209821,-0.255990783,0.579032258,0.093855847,-0.70796875,4.545522388,-0.253554535,-0.240923077,0.339701493,-0.143880597,-0.546914646,2.131303638,0.533655286,0.015067706,-0.239330766,-0.237736444,0.161054104,2.38921875,-0.766971726,-0.174454685,0.591774194,0.109183468,-0.71453125,4.307,-0.3555,-0.185333333,0.434833325,-0.032833325,-0.461833333,3.25,0,0,0,0,0,11676.5,9.365333438,-0.170234103,-0.004688331,0.0574892,0.105728938,0.104119158,133.749,4.895964909,0.004571214,-0.003321826,-0.009024747,-0.009833313,-0.018999265,169.488,5.132782128,-0.025036775,0.006031329,0.023683368,0.003925964,0.005472109,48,25.27,-6.67,5.86,-9.32,-12.93
Q4 2011,14201453,0.02053,4.718401461,-0.111068359,2.890710974,-0.958301846,2.022775155,5.353385536,2.49223734,5.619411813,1.185880843,4.337434187,1.250981223,1.756522592,-0.869388808,4.136363174,2.261402016,2.642352461,3.745666659,3.096055304,7.825004064,4.760180368,8.633333333,-0.366666667,-0.066666667,0.033333333,-0.466666667,0.033333333,1.807737705,2.633885732,4.626212,4.337695617,3.278448089,0.014754098,-0.010245902,-0.020238095,-0.081536098,-0.012741935,-0.015327621,0.952622951,-0.191439549,-0.710381944,-0.264910394,0.615967742,-0.041612903,2.046721311,-0.367497439,-0.787209821,-0.255990783,0.579032258,0.093855847,4.753076923,0.207554535,-0.253554535,-0.240923077,0.339701493,-0.143880597,2.706355612,0.575051974,0.533655286,0.015067706,-0.239330766,-0.237736444,2.031967213,-0.357251537,-0.766971726,-0.174454685,0.591774194,0.109183468,4.006000002,-0.300999998,-0.3555,-0.185333333,0.434833325,-0.032833325,3.25,0,0,0,0,0,13019.33,9.474190299,0.108856861,-0.170234103,-0.004688331,0.0574892,0.105728938,133.78,4.89619666,0.000231751,0.004571214,-0.003321826,-0.009024747,-0.009833313,176.514,5.173400193,0.040618065,-0.025036775,0.006031329,0.023683368,0.003925964,45.45,-2.55,25.27,-6.67,5.86,-9.32
Q1 2012,14171045,-0.00195,3.168948112,4.718401461,-0.111068359,2.890710974,-0.958301846,5.775409755,5.353385536,2.49223734,5.619411813,1.185880843,7.699178621,1.250981223,1.756522592,-0.869388808,4.136363174,10.68603631,2.642352461,3.745666659,3.096055304,7.825004064,8.266666667,-0.366666667,-0.366666667,-0.066666667,0.033333333,-0.466666667,2.271788698,1.807737705,2.633885732,4.626212,4.337695617,0.070645161,0.055891063,-0.010245902,-0.020238095,-0.081536098,-0.012741935,0.898387097,-0.054235854,-0.191439549,-0.710381944,-0.264910394,0.615967742,2.04,-0.006721311,-0.367497439,-0.787209821,-0.255990783,0.579032258,4.439076923,-0.314,0.207554535,-0.253554535,-0.240923077,0.339701493,2.399076923,-0.307278689,0.575051974,0.533655286,0.015067706,-0.239330766,1.969354839,-0.062612374,-0.357251537,-0.766971726,-0.174454685,0.591774194,3.919666667,-0.086333335,-0.300999998,-0.3555,-0.185333333,0.434833325,3.25,0,0,0,0,0,14627.46,9.590655928,0.116465628,0.108856861,-0.170234103,-0.004688331,0.0574892,135.211,4.906836521,0.010639862,0.000231751,0.004571214,-0.003321826,-0.009024747,181.088,5.198983101,0.025582908,0.040618065,-0.025036775,0.006031329,0.023683368,22.97,-22.48,-2.55,25.27,-6.67,5.86
Q2 2012,14198894,-0.00797,1.731942327,3.168948112,4.718401461,-0.111068359,2.890710974,3.349661749,5.775409755,5.353385536,2.49223734,5.619411813,3.68720546,7.699178621,1.250981223,1.756522592,-0.869388808,4.684582732,10.68603631,2.642352461,3.745666659,3.096055304,8.2,-0.066666667,-0.366666667,-0.366666667,-0.066666667,0.033333333,0.847084282,2.271788698,1.807737705,2.633885732,4.626212,0.08828125,0.017636089,0.055891063,-0.010245902,-0.020238095,-0.081536098,0.78890625,-0.109480847,-0.054235854,-0.191439549,-0.710381944,-0.264910394,1.82578125,-0.21421875,-0.006721311,-0.367497439,-0.787209821,-0.255990783,4.277076923,-0.162,-0.314,0.207554535,-0.253554535,-0.240923077,2.451295673,0.05221875,-0.307278689,0.575051974,0.533655286,0.015067706,1.7375,-0.231854839,-0.062612374,-0.357251537,-0.766971726,-0.174454685,3.794333333,-0.125333333,-0.086333335,-0.300999998,-0.3555,-0.185333333,3.25,0,0,0,0,0,14100.24,9.553947032,-0.036708896,0.116465628,0.108856861,-0.170234103,-0.004688331,138.449,4.930502027,0.023665506,0.010639862,0.000231751,0.004571214,-0.003321826,179.138,5.188156459,-0.010826642,0.025582908,0.040618065,-0.025036775,0.006031329,26.66,3.69,-22.48,-2.55,25.27,-6.67
Q3 2012,14324485,0.01016,0.540886482,1.731942327,3.168948112,4.718401461,-0.111068359,2.623044332,3.349661749,5.775409755,5.353385536,2.49223734,-2.831865317,3.68720546,7.699178621,1.250981223,1.756522592,-1.712478946,4.684582732,10.68603631,2.642352461,3.745666659,8.033333333,-0.166666667,-0.066666667,-0.366666667,-0.366666667,-0.066666667,1.818147285,0.847084282,2.271788698,1.807737705,2.633885732,0.101587302,0.013306052,0.017636089,0.055891063,-0.010245902,-0.020238095,0.668888889,-0.120017361,-0.109480847,-0.054235854,-0.191439549,-0.710381944,1.641269841,-0.184511409,-0.21421875,-0.006721311,-0.367497439,-0.787209821,3.912121212,-0.364955711,-0.162,-0.314,0.207554535,-0.253554535,2.270851371,-0.180444302,0.05221875,-0.307278689,0.575051974,0.533655286,1.53968254,-0.19781746,-0.231854839,-0.062612374,-0.357251537,-0.766971726,3.549833333,-0.2445,-0.125333333,-0.086333335,-0.300999998,-0.3555,3.25,0,0,0,0,0,14894.66,9.608758203,0.054811171,-0.036708896,0.116465628,0.108856861,-0.170234103,141.217,4.950297714,0.019795688,0.023665506,0.010639862,0.000231751,0.004571214,182.939,5.209152764,0.020996305,-0.010826642,0.025582908,0.040618065,-0.025036775,20.47,-6.19,3.69,-22.48,-2.55,25.27
Q4 2012,14880320,0.03952,0.456271601,0.540886482,1.731942327,3.168948112,4.718401461,2.526162699,2.623044332,3.349661749,5.775409755,5.353385536,11.54701132,-2.831865317,3.68720546,7.699178621,1.250981223,14.07269659,-1.712478946,4.684582732,10.68603631,2.642352461,7.8,-0.233333333,-0.166666667,-0.066666667,-0.366666667,-0.366666667,2.686457259,1.818147285,0.847084282,2.271788698,1.807737705,0.089672131,-0.01191517,0.013306052,0.017636089,0.055891063,-0.010245902,0.690163934,0.021275046,-0.120017361,-0.109480847,-0.054235854,-0.191439549,1.70704918,0.065779339,-0.184511409,-0.21421875,-0.006721311,-0.367497439,3.61109375,-0.301027462,-0.364955711,-0.162,-0.314,0.207554535,1.90404457,-0.366806801,-0.180444302,0.05221875,-0.307278689,0.575051974,1.617377049,0.077694509,-0.19781746,-0.231854839,-0.062612374,-0.357251537,3.35983333,-0.190000004,-0.2445,-0.125333333,-0.086333335,-0.300999998,3.25,0,0,0,0,0,14834.88,9.604736695,-0.004021508,0.054811171,-0.036708896,0.116465628,0.108856861,144.234,4.971436981,0.021139266,0.019795688,0.023665506,0.010639862,0.000231751,184.704,5.218754544,0.00960178,0.020996305,-0.010826642,0.025582908,0.040618065,22.72,2.25,-6.19,3.69,-22.48,-2.55
Q1 2013,15111078,0.0188,3.590044091,0.456271601,0.540886482,1.731942327,3.168948112,5.253050756,2.526162699,2.623044332,3.349661749,5.775409755,-15.07375078,11.54701132,-2.831865317,3.68720546,7.699178621,-13.85906189,14.07269659,-1.712478946,4.684582732,10.68603631,7.733333333,-0.066666667,-0.233333333,-0.166666667,-0.066666667,-0.366666667,1.617539016,2.686457259,1.818147285,0.847084282,2.271788698,0.086333333,-0.003338798,-0.01191517,0.013306052,0.017636089,0.055891063,0.822666667,0.132502732,0.021275046,-0.120017361,-0.109480847,-0.054235854,1.951,0.24395082,0.065779339,-0.184511409,-0.21421875,-0.006721311,3.703174603,0.092080853,-0.301027462,-0.364955711,-0.162,-0.314,1.752174603,-0.151869966,-0.366806801,-0.180444302,0.05221875,-0.307278689,1.864666667,0.247289617,0.077694509,-0.19781746,-0.231854839,-0.062612374,3.503833333,0.144000004,-0.190000004,-0.2445,-0.125333333,-0.086333335,3.25,0,0,0,0,0,16396.15,9.704802023,0.100065328,-0.004021508,0.054811171,-0.036708896,0.116465628,147.886,4.996441707,0.025004726,0.021139266,0.019795688,0.023665506,0.010639862,188.105,5.237000318,0.018245774,0.00960178,0.020996305,-0.010826642,0.025582908,18.99,-3.73,2.25,-6.19,3.69,-22.48
Q2 2013,16011639,0.05991,0.494500251,3.590044091,0.456271601,0.540886482,1.731942327,1.659881555,5.253050756,2.526162699,2.623044332,3.349661749,3.013733268,-15.07375078,11.54701132,-2.831865317,3.68720546,3.319898645,-13.85906189,14.07269659,-1.712478946,4.684582732,7.533333333,-0.2,-0.066666667,-0.233333333,-0.166666667,-0.066666667,-0.437222008,1.617539016,2.686457259,1.818147285,0.847084282,0.0515625,-0.034770833,-0.003338798,-0.01191517,0.013306052,0.017636089,0.909375,0.086708333,0.132502732,0.021275046,-0.120017361,-0.109480847,1.98625,0.03525,0.24395082,0.065779339,-0.184511409,-0.21421875,3.829545455,0.126370851,0.092080853,-0.301027462,-0.364955711,-0.162,1.843295455,0.091120851,-0.151869966,-0.366806801,-0.180444302,0.05221875,1.9346875,0.070020833,0.247289617,0.077694509,-0.19781746,-0.231854839,3.683666667,0.179833333,0.144000004,-0.190000004,-0.2445,-0.125333333,3.25,0,0,0,0,0,16771.31,9.727424872,0.022622849,0.100065328,-0.004021508,0.054811171,-0.036708896,151.782,5.022445281,0.026003574,0.025004726,0.021139266,0.019795688,0.023665506,196.803,5.282203228,0.045202911,0.018245774,0.00960178,0.020996305,-0.010826642,20.49,1.5,-3.73,2.25,-6.19,3.69
Q3 2013,16941192,0.0564,3.170677729,0.494500251,3.590044091,0.456271601,0.540886482,5.165619773,1.659881555,5.253050756,2.526162699,2.623044332,1.747818564,3.013733268,-15.07375078,11.54701132,-2.831865317,3.40376241,3.319898645,-13.85906189,14.07269659,-1.712478946,7.233333333,-0.3,-0.2,-0.066666667,-0.233333333,-0.166666667,2.180987543,-0.437222008,1.617539016,2.686457259,1.818147285,0.0321875,-0.019375,-0.034770833,-0.003338798,-0.01191517,0.013306052,1.50375,0.594375,0.086708333,0.132502732,0.021275046,-0.120017361,2.7065625,0.7203125,0.03525,0.24395082,0.065779339,-0.184511409,4.666119403,0.836573948,0.126370851,0.092080853,-0.301027462,-0.364955711,1.959556903,0.116261448,0.091120851,-0.151869966,-0.366806801,-0.180444302,2.674375,0.7396875,0.070020833,0.247289617,0.077694509,-0.19781746,4.438666667,0.755,0.179833333,0.144000004,-0.190000004,-0.2445,3.25,0,0,0,0,0,17718.25,9.782350287,0.054925415,0.022622849,0.100065328,-0.004021508,0.054811171,155.436,5.046234071,0.02378879,0.026003574,0.025004726,0.021139266,0.019795688,208.377,5.339348939,0.057145711,0.045202911,0.018245774,0.00960178,0.020996305,17.01,-3.48,1.5,-3.73,2.25,-6.19
Q4 2013,17850288,0.05134,3.2314317,3.170677729,0.494500251,3.590044091,0.456271601,5.681740216,5.165619773,1.659881555,5.253050756,2.526162699,1.588770378,1.747818564,3.013733268,-15.07375078,11.54701132,3.253743809,3.40376241,3.319898645,-13.85906189,14.07269659,6.933333333,-0.3,-0.3,-0.2,-0.066666667,-0.233333333,1.487292343,2.180987543,-0.437222008,1.617539016,2.686457259,0.06016129,0.02797379,-0.019375,-0.034770833,-0.003338798,-0.01191517,1.439032258,-0.064717742,0.594375,0.086708333,0.132502732,0.021275046,2.744193548,0.037631048,0.7203125,0.03525,0.24395082,0.065779339,4.521969697,-0.144149706,0.836573948,0.126370851,0.092080853,-0.301027462,1.777776149,-0.181780754,0.116261448,0.091120851,-0.151869966,-0.366806801,2.684032258,0.009657258,0.7396875,0.070020833,0.247289617,0.077694509,4.3015,-0.137166667,0.755,0.179833333,0.144000004,-0.190000004,3.25,0,0,0,0,0,19413.17,9.873707087,0.0913568,0.054925415,0.022622849,0.100065328,-0.004021508,158.562,5.066145684,0.019911613,0.02378879,0.026003574,0.025004726,0.021139266,211.608,5.354735506,0.015386567,0.057145711,0.045202911,0.018245774,0.00960178,20.34,3.33,-3.48,1.5,-3.73,2.25
Q1 2014,19334386,0.03691,-1.126034444,3.2314317,3.170677729,0.494500251,3.590044091,0.502444321,5.681740216,5.165619773,1.659881555,5.253050756,5.691220908,1.588770378,1.747818564,3.013733268,-15.07375078,7.683239392,3.253743809,3.40376241,3.319898645,-13.85906189,6.666666667,-0.266666667,-0.3,-0.3,-0.2,-0.066666667,2.514514306,1.487292343,2.180987543,-0.437222008,1.617539016,0.049344262,-0.010817028,0.02797379,-0.019375,-0.034770833,-0.003338798,1.603442623,0.164410365,-0.064717742,0.594375,0.086708333,0.132502732,2.765409836,0.021216288,0.037631048,0.7203125,0.03525,0.24395082,4.358412698,-0.163556999,-0.144149706,0.836573948,0.126370851,0.092080853,1.593002862,-0.184773286,-0.181780754,0.116261448,0.091120851,-0.151869966,2.716065574,0.032033316,0.009657258,0.7396875,0.070020833,0.247289617,4.359,0.0575,-0.137166667,0.755,0.179833333,0.144000004,3.25,0,0,0,0,0,19711.22,9.888943313,0.015236226,0.0913568,0.054925415,0.022622849,0.100065328,160.52,5.078418545,0.012272861,0.019911613,0.02378879,0.026003574,0.025004726,208.473,5.339809536,-0.01492597,0.015386567,0.057145711,0.045202911,0.018245774,21.44,1.1,3.33,-3.48,1.5,-3.73
Q2 2014,20080149,0.0311,5.525668098,-1.126034444,3.2314317,3.170677729,0.494500251,7.902705254,0.502444321,5.681740216,5.165619773,1.659881555,5.553624288,5.691220908,1.588770378,1.747818564,3.013733268,7.585975484,7.683239392,3.253743809,3.40376241,3.319898645,6.2,-0.466666667,-0.266666667,-0.3,-0.3,-0.2,2.141298142,2.514514306,1.487292343,2.180987543,-0.437222008,0.033015873,-0.016328389,-0.010817028,0.02797379,-0.019375,-0.034770833,1.657619048,0.054176425,0.164410365,-0.064717742,0.594375,0.086708333,2.620952381,-0.144457455,0.021216288,0.037631048,0.7203125,0.03525,4.026153846,-0.332258852,-0.163556999,-0.144149706,0.836573948,0.126370851,1.405201465,-0.187801397,-0.184773286,-0.181780754,0.116261448,0.091120851,2.587936508,-0.128129066,0.032033316,0.009657258,0.7396875,0.070020833,4.230666667,-0.128333333,0.0575,-0.137166667,0.755,0.179833333,3.25,0,0,0,0,0,20568.65,9.93152351,0.042580196,0.015236226,0.0913568,0.054925415,0.022622849,161.622,5.085260275,0.00684173,0.012272861,0.019911613,0.02378879,0.026003574,214.087,5.366382474,0.026572938,-0.01492597,0.015386567,0.057145711,0.045202911,17.03,-4.41,1.1,3.33,-3.48,1.5
Q3 2014,20986694,0.03387,4.97389977,5.525668098,-1.126034444,3.2314317,3.170677729,6.791786997,7.902705254,0.502444321,5.681740216,5.165619773,4.751404756,5.553624288,5.691220908,1.588770378,1.747818564,5.883359678,7.585975484,7.683239392,3.253743809,3.40376241,6.066666667,-0.133333333,-0.466666667,-0.266666667,-0.3,-0.3,1.027269823,2.141298142,2.514514306,1.487292343,2.180987543,0.02640625,-0.006609623,-0.016328389,-0.010817028,0.02797379,-0.019375,1.7015625,0.043943452,0.054176425,0.164410365,-0.064717742,0.594375,2.49953125,-0.121421131,-0.144457455,0.021216288,0.037631048,0.7203125,3.922985075,-0.103168772,-0.332258852,-0.163556999,-0.144149706,0.836573948,1.423453825,0.018252359,-0.187801397,-0.184773286,-0.181780754,0.116261448,2.473125,-0.114811508,-0.128129066,0.032033316,0.009657258,0.7396875,4.135833333,-0.094833333,-0.128333333,0.0575,-0.137166667,0.755,3.25,0,0,0,0,0,20458.82,9.926169314,-0.005354196,0.042580196,0.015236226,0.0913568,0.054925415,163.751,5.098346981,0.013086706,0.00684173,0.012272861,0.019911613,0.02378879,218.831,5.388299742,0.021917268,0.026572938,-0.01492597,0.015386567,0.057145711,17.03,0,-4.41,1.1,3.33,-3.48
Q4 2014,21729949,0.02589,2.270250562,4.97389977,5.525668098,-1.126034444,3.2314317,2.926454078,6.791786997,7.902705254,0.502444321,5.681740216,5.392682383,4.751404756,5.553624288,5.691220908,1.588770378,4.858443458,5.883359678,7.585975484,7.683239392,3.253743809,5.7,-0.366666667,-0.133333333,-0.466666667,-0.266666667,-0.3,-0.990077544,1.027269823,2.141298142,2.514514306,1.487292343,0.022580645,-0.003825605,-0.006609623,-0.016328389,-0.010817028,0.02797379,1.600967742,-0.100594758,0.043943452,0.054176425,0.164410365,-0.064717742,2.275967742,-0.223563508,-0.121421131,-0.144457455,0.021216288,0.037631048,4.028939394,0.105954319,-0.103168772,-0.332258852,-0.163556999,-0.144149706,1.752971652,0.329517827,0.018252359,-0.187801397,-0.184773286,-0.181780754,2.253387097,-0.219737903,-0.114811508,-0.128129066,0.032033316,0.009657258,3.965333333,-0.1705,-0.094833333,-0.128333333,0.0575,-0.137166667,3.25,0,0,0,0,0,21424.58,9.972294356,0.046125042,-0.005354196,0.042580196,0.015236226,0.0913568,166.275,5.113643044,0.015296063,0.013086706,0.00684173,0.012272861,0.019911613,226.413,5.422360765,0.034061023,0.021917268,0.026572938,-0.01492597,0.015386567,26.25,9.22,0,-4.41,1.1,3.33
Q1 2015,21374669,-0.00942,3.851016504,2.270250562,4.97389977,5.525668098,-1.126034444,3.48411955,2.926454078,6.791786997,7.902705254,0.502444321,6.072836327,5.392682383,4.751404756,5.553624288,5.691220908,4.273214511,4.858443458,5.883359678,7.585975484,7.683239392,5.533333333,-0.166666667,-0.366666667,-0.133333333,-0.466666667,-0.266666667,-2.564094206,-0.990077544,1.027269823,2.141298142,2.514514306,0.024590164,0.002009519,-0.003825605,-0.006609623,-0.016328389,-0.010817028,1.457213115,-0.143754627,-0.100594758,0.043943452,0.054176425,0.164410365,1.968852459,-0.307115283,-0.223563508,-0.121421131,-0.144457455,0.021216288,3.901538462,-0.127400932,0.105954319,-0.103168772,-0.332258852,-0.163556999,1.932686003,0.179714351,0.329517827,0.018252359,-0.187801397,-0.184773286,1.944262295,-0.309124802,-0.219737903,-0.114811508,-0.128129066,0.032033316,3.73,-0.235333333,-0.1705,-0.094833333,-0.128333333,0.0575,3.25,0,0,0,0,0,21707.57,9.985416301,0.013121945,0.046125042,-0.005354196,0.042580196,0.015236226,168.34,5.125985744,0.0123427,0.015296063,0.013086706,0.00684173,0.012272861,239.195,5.477279119,0.054918354,0.034061023,0.021917268,0.026572938,-0.01492597,22.39,-3.86,9.22,0,-4.41,1.1
Q2 2015,21958664,0.02704,2.734045181,3.851016504,2.270250562,4.97389977,5.525668098,4.982395429,3.48411955,2.926454078,6.791786997,7.902705254,1.149233128,6.072836327,5.392682383,4.751404756,5.553624288,3.156445599,4.273214511,4.858443458,5.883359678,7.585975484,5.433333333,-0.1,-0.166666667,-0.366666667,-0.133333333,-0.466666667,2.755824486,-2.564094206,-0.990077544,1.027269823,2.141298142,0.01828125,-0.006308914,0.002009519,-0.003825605,-0.006609623,-0.016328389,1.52515625,0.067943135,-0.143754627,-0.100594758,0.043943452,0.054176425,2.164375,0.195522541,-0.307115283,-0.223563508,-0.121421131,-0.144457455,3.91921875,0.017680288,-0.127400932,0.105954319,-0.103168772,-0.332258852,1.75484375,-0.177842253,0.179714351,0.329517827,0.018252359,-0.187801397,2.14609375,0.201831455,-0.309124802,-0.219737903,-0.114811508,-0.128129066,3.8315,0.1015,-0.235333333,-0.1705,-0.094833333,-0.128333333,3.25,0,0,0,0,0,21630.9,9.981877916,-0.003538386,0.013121945,0.046125042,-0.005354196,0.042580196,170.365,5.137943194,0.01195745,0.0123427,0.015296063,0.013086706,0.00684173,242.745,5.49201151,0.014732391,0.054918354,0.034061023,0.021917268,0.026572938,18.85,-3.54,-3.86,9.22,0,-4.41
Q3 2015,22645732,0.03796,1.458325545,2.734045181,3.851016504,2.270250562,4.97389977,2.746249918,4.982395429,3.48411955,2.926454078,6.791786997,2.799891234,1.149233128,6.072836327,5.392682383,4.751404756,3.864052118,3.156445599,4.273214511,4.858443458,5.883359678,5.1,-0.333333333,-0.1,-0.166666667,-0.366666667,-0.133333333,1.519384561,2.755824486,-2.564094206,-0.990077544,1.027269823,0.04203125,0.02375,-0.006308914,0.002009519,-0.003825605,-0.006609623,1.55578125,0.030625,0.067943135,-0.143754627,-0.100594758,0.043943452,2.223125,0.05875,0.195522541,-0.307115283,-0.223563508,-0.121421131,4.332727273,0.413508523,0.017680288,-0.127400932,0.105954319,-0.103168772,2.109602273,0.354758523,-0.177842253,0.179714351,0.329517827,0.018252359,2.18109375,0.035,0.201831455,-0.309124802,-0.219737903,-0.114811508,3.947,0.1155,0.1015,-0.235333333,-0.1705,-0.094833333,3.25,0,0,0,0,0,19959.31,9.90145114,-0.080426775,-0.003538386,0.013121945,0.046125042,-0.005354196,172.756,5.151880194,0.013937,0.01195745,0.0123427,0.015296063,0.013086706,244.231,5.498114499,0.006102989,0.014732391,0.054918354,0.034061023,0.021917268,40.74,21.89,-3.54,-3.86,9.22,0
Q4 2015,23643748,0.0296,0.642994149,1.458325545,2.734045181,3.851016504,2.270250562,0.685841995,2.746249918,4.982395429,3.48411955,2.926454078,2.310453906,2.799891234,1.149233128,6.072836327,5.392682383,1.995090263,3.864052118,3.156445599,4.273214511,4.858443458,5.033333333,-0.066666667,-0.333333333,-0.1,-0.166666667,-0.366666667,-0.030267107,1.519384561,2.755824486,-2.564094206,-0.990077544,0.124193548,0.082162298,0.02375,-0.006308914,0.002009519,-0.003825605,1.584193548,0.028412298,0.030625,0.067943135,-0.143754627,-0.100594758,2.190483871,-0.032641129,0.05875,0.195522541,-0.307115283,-0.223563508,4.437272727,0.104545455,0.413508523,0.017680288,-0.127400932,0.105954319,2.246788856,0.137186584,0.354758523,-0.177842253,0.179714351,0.329517827,2.066290323,-0.114803427,0.035,0.201831455,-0.309124802,-0.219737903,3.900833333,-0.046166667,0.1155,0.1015,-0.235333333,-0.1705,3.290322581,0.040322581,0,0,0,0,21100.93,9.957072488,0.055621348,-0.080426775,-0.003538386,0.013121945,0.046125042,175.15,5.16564275,0.013762555,0.013937,0.01195745,0.0123427,0.015296063,244.895,5.500829547,0.002715049,0.006102989,0.014732391,0.054918354,0.034061023,24.39,-16.35,21.89,-3.54,-3.86,9.22
Q1 2016,23754364,0.00454,2.284975977,0.642994149,1.458325545,2.734045181,3.851016504,2.003098321,0.685841995,2.746249918,4.982395429,3.48411955,3.109748124,2.310453906,2.799891234,1.149233128,6.072836327,3.43572226,1.995090263,3.864052118,3.156445599,4.273214511,4.9,-0.133333333,-0.066666667,-0.333333333,-0.1,-0.166666667,-0.248118165,-0.030267107,1.519384561,2.755824486,-2.564094206,0.288032787,0.163839238,0.082162298,0.02375,-0.006308914,0.002009519,1.369836066,-0.214357483,0.028412298,0.030625,0.067943135,-0.143754627,1.914262295,-0.276221576,-0.032641129,0.05875,0.195522541,-0.307115283,4.5478125,0.110539773,0.104545455,0.413508523,0.017680288,-0.127400932,2.633550205,0.386761349,0.137186584,0.354758523,-0.177842253,0.179714351,1.626229508,-0.440060814,-0.114803427,0.035,0.201831455,-0.309124802,3.742166667,-0.158666667,-0.046166667,0.1155,0.1015,-0.235333333,3.5,0.209677419,0.040322581,0,0,0,21179.41,9.9607849,0.003712412,0.055621348,-0.080426775,-0.003538386,0.013121945,177.308,5.177888333,0.012245584,0.013762555,0.013937,0.01195745,0.0123427,237.71,5.471051443,-0.029778104,0.002715049,0.006102989,0.014732391,0.054918354,28.14,3.75,-16.35,21.89,-3.54,-3.86
Q2 2016,24236367,0.02121,1.253523076,2.284975977,0.642994149,1.458325545,2.734045181,4.090514016,2.003098321,0.685841995,2.746249918,4.982395429,-0.265524926,3.109748124,2.310453906,2.799891234,1.149233128,2.142823709,3.43572226,1.995090263,3.864052118,3.156445599,4.933333333,0.033333333,-0.133333333,-0.066666667,-0.333333333,-0.1,3.237718142,-0.248118165,-0.030267107,1.519384561,2.755824486,0.2575,-0.030532787,0.163839238,0.082162298,0.02375,-0.006308914,1.24046875,-0.129367316,-0.214357483,0.028412298,0.030625,0.067943135,1.75015625,-0.164106045,-0.276221576,-0.032641129,0.05875,0.195522541,3.891212121,-0.656600379,0.110539773,0.104545455,0.413508523,0.017680288,2.141055871,-0.492494334,0.386761349,0.137186584,0.354758523,-0.177842253,1.49265625,-0.133573258,-0.440060814,-0.114803427,0.035,0.201831455,3.591,-0.151166667,-0.158666667,-0.046166667,0.1155,0.1015,3.5,0,0.209677419,0.040322581,0,0,21621.46,9.981441728,0.020656828,0.003712412,0.055621348,-0.080426775,-0.003538386,179.378,5.189495311,0.011606978,0.012245584,0.013762555,0.013937,0.01195745,241.374,5.486347598,0.015296154,-0.029778104,0.002715049,0.006102989,0.014732391,25.76,-2.38,3.75,-16.35,21.89,-3.54
Q3 2016,24731962,0.02026,2.195430865,1.253523076,2.284975977,0.642994149,1.458325545,3.588252539,4.090514016,2.003098321,0.685841995,2.746249918,1.916251402,-0.265524926,3.109748124,2.310453906,2.799891234,3.579564951,2.142823709,3.43572226,1.995090263,3.864052118,4.9,-0.033333333,0.033333333,-0.133333333,-0.066666667,-0.333333333,1.708739562,3.237718142,-0.248118165,-0.030267107,1.519384561,0.295625,0.038125,-0.030532787,0.163839238,0.082162298,0.02375,1.12859375,-0.111875,-0.129367316,-0.214357483,0.028412298,0.030625,1.564375,-0.18578125,-0.164106045,-0.276221576,-0.032641129,0.05875,3.491791045,-0.399421076,-0.656600379,0.110539773,0.104545455,0.413508523,1.927416045,-0.213639826,-0.492494334,0.386761349,0.137186584,0.354758523,1.26875,-0.22390625,-0.133573258,-0.440060814,-0.114803427,0.035,3.445,-0.146,-0.151166667,-0.158666667,-0.046166667,0.1155,3.5,0,0,0.209677419,0.040322581,0,22468.59,10.0198736,0.03843187,0.020656828,0.003712412,0.055621348,-0.080426775,181.895,5.203429598,0.013934286,0.011606978,0.012245584,0.013762555,0.013937,252.861,5.532839931,0.046492333,0.015296154,-0.029778104,0.002715049,0.006102989,18.14,-7.62,-2.38,3.75,-16.35,21.89
Q4 2016,25503139,0.03013,2.541054214,2.195430865,1.253523076,2.284975977,0.642994149,4.565096265,3.588252539,4.090514016,2.003098321,0.685841995,2.514184484,1.916251402,-0.265524926,3.109748124,2.310453906,4.417240891,3.579564951,2.142823709,3.43572226,1.995090263,4.766666667,-0.133333333,-0.033333333,0.033333333,-0.133333333,-0.066666667,2.563409554,1.708739562,3.237718142,-0.248118165,-0.030267107,0.427213115,0.131588115,0.038125,-0.030532787,0.163839238,0.082162298,1.614754098,0.486160348,-0.111875,-0.129367316,-0.214357483,0.028412298,2.138688525,0.574313525,-0.18578125,-0.164106045,-0.276221576,-0.032641129,3.880307692,0.388516648,-0.399421076,-0.656600379,0.110539773,0.104545455,1.741619168,-0.185796877,-0.213639826,-0.492494334,0.386761349,0.137186584,1.71147541,0.44272541,-0.22390625,-0.133573258,-0.440060814,-0.114803427,3.812666667,0.367666667,-0.146,-0.151166667,-0.158666667,-0.046166667,3.545081967,0.045081967,0,0,0.209677419,0.040322581,23276.73,10.05520935,0.035335756,0.03843187,0.020656828,0.003712412,0.055621348,184.724,5.218862819,0.015433222,0.013934286,0.011606978,0.012245584,0.013762555,256.331,5.546469578,0.013629647,0.046492333,0.015296154,-0.029778104,0.002715049,22.51,4.37,-7.62,-2.38,3.75,-16.35
Q1 2017,26461292,0.03777,2.281947321,2.541054214,2.195430865,1.253523076,2.284975977,4.375364695,4.565096265,3.588252539,4.090514016,2.003098321,4.317399779,2.514184484,1.916251402,-0.265524926,3.109748124,6.623324392,4.417240891,3.579564951,2.142823709,3.43572226,4.566666667,-0.2,-0.133333333,-0.033333333,0.033333333,-0.133333333,2.699803655,2.563409554,1.708739562,3.237718142,-0.248118165,0.598225806,0.171012692,0.131588115,0.038125,-0.030532787,0.163839238,1.947903226,0.333149127,0.486160348,-0.111875,-0.129367316,-0.214357483,2.446612903,0.307924379,0.574313525,-0.18578125,-0.164106045,-0.276221576,4.0221875,0.141879808,0.388516648,-0.399421076,-0.656600379,0.110539773,1.575574597,-0.166044571,-0.185796877,-0.213639826,-0.492494334,0.386761349,1.848387097,0.136911687,0.44272541,-0.22390625,-0.133573258,-0.440060814,4.171166667,0.3585,0.367666667,-0.146,-0.151166667,-0.158666667,3.798387097,0.25330513,0.045081967,0,0,0.209677419,24508.32,10.10676785,0.051558494,0.035335756,0.03843187,0.020656828,0.003712412,187.163,5.231979895,0.013117076,0.015433222,0.013934286,0.011606978,0.012245584,253.64,5.535915939,-0.010553639,0.013629647,0.046492333,0.015296154,-0.029778104,13.12,-9.39,4.37,-7.62,-2.38,3.75
Q2 2017,27210666,0.02764,1.718744046,2.281947321,2.541054214,2.195430865,1.253523076,2.981114124,4.375364695,4.565096265,3.588252539,4.090514016,4.37473194,4.317399779,2.514184484,1.916251402,-0.265524926,5.30098904,6.623324392,4.417240891,3.579564951,2.142823709,4.4,-0.166666667,-0.2,-0.133333333,-0.033333333,0.033333333,0.71465162,2.699803655,2.563409554,1.708739562,3.237718142,0.894444444,0.296218638,0.171012692,0.131588115,0.038125,-0.030532787,1.811111111,-0.136792115,0.333149127,0.486160348,-0.111875,-0.129367316,2.260952381,-0.185660522,0.307924379,0.574313525,-0.18578125,-0.164106045,3.793692308,-0.228495192,0.141879808,0.388516648,-0.399421076,-0.656600379,1.532739927,-0.04283467,-0.166044571,-0.185796877,-0.213639826,-0.492494334,1.366507937,-0.48187916,0.136911687,0.44272541,-0.22390625,-0.133573258,3.986333333,-0.184833333,0.3585,0.367666667,-0.146,-0.151166667,4.046153846,0.247766749,0.25330513,0.045081967,0,0,25124.96,10.13161708,0.02484923,0.051558494,0.035335756,0.03843187,0.020656828,189.673,5.245301537,0.013321642,0.013117076,0.015433222,0.013934286,0.011606978,261.478,5.56635015,0.030434211,-0.010553639,0.013629647,0.046492333,0.015296154,15.96,2.84,-9.39,4.37,-7.62,-2.38
Q3 2017,28525357,0.04787,2.947361514,1.718744046,2.281947321,2.541054214,2.195430865,5.004914135,2.981114124,4.375364695,4.565096265,3.588252539,2.745032691,4.37473194,4.317399779,2.514184484,1.916251402,4.427543893,5.30098904,6.623324392,4.417240891,3.579564951,4.3,-0.1,-0.166666667,-0.2,-0.133333333,-0.033333333,1.910996884,0.71465162,2.699803655,2.563409554,1.708739562,1.035873016,0.141428571,0.296218638,0.171012692,0.131588115,0.038125,1.813492063,0.002380952,-0.136792115,0.333149127,0.486160348,-0.111875,2.241428571,-0.01952381,-0.185660522,0.307924379,0.574313525,-0.18578125,3.675909091,-0.117783217,-0.228495192,0.141879808,0.388516648,-0.399421076,1.434480519,-0.098259407,-0.04283467,-0.166044571,-0.185796877,-0.213639826,1.205555556,-0.160952381,-0.48187916,0.136911687,0.44272541,-0.22390625,3.884166667,-0.102166667,-0.184833333,0.3585,0.367666667,-0.146,4.25,0.203846154,0.247766749,0.25330513,0.045081967,0,26148.54,10.1715486,0.039931523,0.02484923,0.051558494,0.035335756,0.03843187,192.668,5.2609685,0.015666964,0.013321642,0.013117076,0.015433222,0.013934286,266.428,5.585104038,0.018753888,0.030434211,-0.010553639,0.013629647,0.046492333,16.04,0.08,2.84,-9.39,4.37,-7.62
Q4 2017,28975718,0.01578,3.877858426,2.947361514,1.718744046,2.281947321,2.541054214,6.700700587,5.004914135,2.981114124,4.375364695,4.565096265,2.296524034,2.745032691,4.37473194,4.317399779,2.514184484,4.989804936,4.427543893,5.30098904,6.623324392,4.417240891,4.133333333,-0.166666667,-0.1,-0.166666667,-0.2,-0.133333333,3.153311679,1.910996884,0.71465162,2.699803655,2.563409554,1.206935484,0.171062468,0.141428571,0.296218638,0.171012692,0.131588115,2.069193548,0.255701485,0.002380952,-0.136792115,0.333149127,0.486160348,2.371451613,0.130023041,-0.01952381,-0.185660522,0.307924379,0.574313525,3.700153846,0.024244755,-0.117783217,-0.228495192,0.141879808,0.388516648,1.328702233,-0.105778286,-0.098259407,-0.04283467,-0.166044571,-0.185796877,1.164516129,-0.041039427,-0.160952381,-0.48187916,0.136911687,0.44272541,3.922333333,0.038166667,-0.102166667,-0.184833333,0.3585,0.367666667,4.294354839,0.044354839,0.203846154,0.247766749,0.25330513,0.045081967,27673.19,10.22821935,0.056670748,0.039931523,0.02484923,0.051558494,0.035335756,195.748,5.276828118,0.015859617,0.015666964,0.013321642,0.013117076,0.015433222,274.708,5.615708715,0.030604677,0.018753888,0.030434211,-0.010553639,0.013629647,13.13,-2.91,0.08,2.84,-9.39,4.37
Q1 2018,29555248,0.02159,3.779122404,3.877858426,2.947361514,1.718744046,2.281947321,6.24511979,6.700700587,5.004914135,2.981114124,4.375364695,5.190944774,2.296524034,2.745032691,4.37473194,4.317399779,8.014685454,4.989804936,4.427543893,5.30098904,6.623324392,4.033333333,-0.1,-0.166666667,-0.1,-0.166666667,-0.2,3.146309984,3.153311679,1.910996884,0.71465162,2.699803655,1.559016393,0.35208091,0.171062468,0.141428571,0.296218638,0.171012692,2.534918033,0.465724484,0.255701485,0.002380952,-0.136792115,0.333149127,2.75852459,0.387072977,0.130023041,-0.01952381,-0.185660522,0.307924379,4.06375,0.363596154,0.024244755,-0.117783217,-0.228495192,0.141879808,1.30522541,-0.023476823,-0.105778286,-0.098259407,-0.04283467,-0.166044571,1.199508197,0.034992068,-0.041039427,-0.160952381,-0.48187916,0.136911687,4.268833333,0.3465,0.038166667,-0.102166667,-0.184833333,0.3585,4.528225806,0.233870968,0.044354839,0.203846154,0.247766749,0.25330513,27383.02,10.21767846,-0.010540891,0.056670748,0.039931523,0.02484923,0.051558494,198.81,5.292349595,0.015521477,0.015859617,0.015666964,0.013321642,0.013117076,270.305,5.599550951,-0.016157764,0.030604677,0.018753888,0.030434211,-0.010553639,37.32,24.19,-2.91,0.08,2.84,-9.39
Q2 2018,30230379,0.02174,2.701455618,3.779122404,3.877858426,2.947361514,1.718744046,6.27703417,6.24511979,6.700700587,5.004914135,2.981114124,3.575768082,5.190944774,2.296524034,2.745032691,4.37473194,5.892432226,8.014685454,4.989804936,4.427543893,5.30098904,3.933333333,-0.1,-0.1,-0.166666667,-0.1,-0.166666667,2.525109541,3.146309984,3.153311679,1.910996884,0.71465162,1.840625,0.281608607,0.35208091,0.171062468,0.141428571,0.296218638,2.765625,0.230706967,0.465724484,0.255701485,0.002380952,-0.136792115,2.920625,0.16210041,0.387072977,0.130023041,-0.01952381,-0.185660522,4.491060606,0.427310606,0.363596154,0.024244755,-0.117783217,-0.228495192,1.570435606,0.265210196,-0.023476823,-0.105778286,-0.098259407,-0.04283467,1.08,-0.119508197,0.034992068,-0.041039427,-0.160952381,-0.48187916,4.541166667,0.272333333,0.3465,0.038166667,-0.102166667,-0.184833333,4.796875,0.268649194,0.233870968,0.044354839,0.203846154,0.247766749,28313.77,10.25110367,0.033425214,-0.010540891,0.056670748,0.039931523,0.02484923,201.207,5.304334229,0.011984634,0.015521477,0.015859617,0.015666964,0.013321642,284.111,5.649365007,0.049814056,-0.016157764,0.030604677,0.018753888,0.030434211,23.62,-13.7,24.19,-2.91,0.08,2.84
Q3 2018,31210185,0.03201,2.117390275,2.701455618,3.779122404,3.877858426,2.947361514,3.750813704,6.27703417,6.24511979,6.700700587,5.004914135,3.320837153,3.575768082,5.190944774,2.296524034,2.745032691,4.939104404,5.892432226,8.014685454,4.989804936,4.427543893,3.766666667,-0.166666667,-0.1,-0.1,-0.166666667,-0.1,1.631772096,2.525109541,3.146309984,3.153311679,1.910996884,2.036190476,0.195565476,0.281608607,0.35208091,0.171062468,0.141428571,2.809047619,0.043422619,0.230706967,0.465724484,0.255701485,0.002380952,2.923809524,0.003184524,0.16210041,0.387072977,0.130023041,-0.01952381,4.525606061,0.034545455,0.427310606,0.363596154,0.024244755,-0.117783217,1.601796537,0.031360931,0.265210196,-0.023476823,-0.105778286,-0.098259407,0.887619048,-0.192380952,-0.119508197,0.034992068,-0.041039427,-0.160952381,4.568333333,0.027166667,0.272333333,0.3465,0.038166667,-0.102166667,5.007936508,0.211061508,0.268649194,0.233870968,0.044354839,0.203846154,30189.6,10.31525289,0.064149222,0.033425214,-0.010540891,0.056670748,0.039931523,203.061,5.313506427,0.009172198,0.011984634,0.015521477,0.015859617,0.015666964,275.461,5.618446058,-0.030918949,0.049814056,-0.016157764,0.030604677,0.018753888,16.14,-7.48,-13.7,24.19,-2.91,0.08
Q4 2018,32385189,0.03755,1.319767584,2.117390275,2.701455618,3.779122404,3.877858426,3.262074947,3.750813704,6.27703417,6.24511979,6.700700587,2.753653476,3.320837153,3.575768082,5.190944774,2.296524034,4.228228647,4.939104404,5.892432226,8.014685454,4.989804936,3.833333333,0.066666667,-0.166666667,-0.1,-0.1,-0.166666667,1.572083118,1.631772096,2.525109541,3.146309984,3.153311679,2.310819672,0.274629196,0.195565476,0.281608607,0.35208091,0.171062468,2.883606557,0.074558938,0.043422619,0.230706967,0.465724484,0.255701485,3.041147541,0.117338017,0.003184524,0.16210041,0.387072977,0.130023041,4.838769231,0.31316317,0.034545455,0.427310606,0.363596154,0.024244755,1.79762169,0.195825153,0.031360931,0.265210196,-0.023476823,-0.105778286,0.730327869,-0.157291179,-0.192380952,-0.119508197,0.034992068,-0.041039427,4.777833333,0.2095,0.027166667,0.272333333,0.3465,0.038166667,5.278225806,0.270289299,0.211061508,0.268649194,0.233870968,0.044354839,25724.51,10.15519969,-0.160053204,0.064149222,0.033425214,-0.010540891,0.056670748,204.664,5.32136961,0.007863184,0.009172198,0.011984634,0.015521477,0.015859617,276.858,5.623504739,0.005058682,-0.030918949,0.049814056,-0.016157764,0.030604677,36.07,19.93,-7.48,-13.7,24.19,-2.91
Q1 2019,32863286,0.01475,2.932191187,1.319767584,2.117390275,2.701455618,3.779122404,3.988627535,3.262074947,3.750813704,6.27703417,6.24511979,3.331279279,2.753653476,3.320837153,3.575768082,5.190944774,3.91509258,4.228228647,4.939104404,5.892432226,8.014685454,3.866666667,0.033333333,0.066666667,-0.166666667,-0.1,-0.1,0.710391754,1.572083118,1.631772096,2.525109541,3.146309984,2.388360656,0.077540984,0.274629196,0.195565476,0.281608607,0.35208091,2.464918033,-0.418688525,0.074558938,0.043422619,0.230706967,0.465724484,2.65295082,-0.388196721,0.117338017,0.003184524,0.16210041,0.387072977,4.5278125,-0.310956731,0.31316317,0.034545455,0.427310606,0.363596154,1.87486168,0.077239991,0.195825153,0.031360931,0.265210196,-0.023476823,0.264590164,-0.465737705,-0.157291179,-0.192380952,-0.119508197,0.034992068,4.366333333,-0.4115,0.2095,0.027166667,0.272333333,0.3465,5.5,0.221774194,0.270289299,0.211061508,0.268649194,0.233870968,29193.9,10.28171498,0.126515287,-0.160053204,0.064149222,0.033425214,-0.010540891,206.394,5.329786963,0.008417353,0.007863184,0.009172198,0.011984634,0.015521477,284.699,5.651432482,0.027927742,0.005058682,-0.030918949,0.049814056,-0.016157764,25.45,-10.62,19.93,-7.48,-13.7,24.19
Q2 2019,33730377,0.0265,1.491130894,2.932191187,1.319767584,2.117390275,2.701455618,4.127067898,3.988627535,3.262074947,3.750813704,6.27703417,-0.957287381,3.331279279,2.753653476,3.320837153,3.575768082,1.549121788,3.91509258,4.228228647,4.939104404,5.892432226,3.666666667,-0.2,0.033333333,0.066666667,-0.166666667,-0.1,3.501279334,0.710391754,1.572083118,1.631772096,2.525109541,2.304920635,-0.083440021,0.077540984,0.274629196,0.195565476,0.281608607,2.121111111,-0.343806922,-0.418688525,0.074558938,0.043422619,0.230706967,2.338888889,-0.314061931,-0.388196721,0.117338017,0.003184524,0.16210041,4.015384615,-0.512427885,-0.310956731,0.31316317,0.034545455,0.427310606,1.676495726,-0.198365954,0.077239991,0.195825153,0.031360931,0.265210196,0.033968254,-0.23062191,-0.465737705,-0.157291179,-0.192380952,-0.119508197,4.005666667,-0.360666667,-0.4115,0.2095,0.027166667,0.272333333,5.5,0,0.221774194,0.270289299,0.211061508,0.268649194,30243.83,10.31704747,0.035332494,0.126515287,-0.160053204,0.064149222,0.033425214,208.546,5.34015964,0.010372677,0.008417353,0.007863184,0.009172198,0.011984634,298.666,5.699325892,0.04789341,0.027927742,0.005058682,-0.030918949,0.049814056,20.55,-4.9,-10.62,19.93,-7.48,-13.7
Q3 2019,34024976,0.00863,2.572102125,1.491130894,2.932191187,1.319767584,2.117390275,4.005331424,4.127067898,3.988627535,3.262074947,3.750813704,2.111890452,-0.957287381,3.331279279,2.753653476,3.320837153,3.541355356,1.549121788,3.91509258,4.228228647,4.939104404,3.6,-0.066666667,-0.2,0.033333333,0.066666667,-0.166666667,1.287957839,3.501279334,0.710391754,1.572083118,1.631772096,1.98359375,-0.321326885,-0.083440021,0.077540984,0.274629196,0.195565476,1.62859375,-0.492517361,-0.343806922,-0.418688525,0.074558938,0.043422619,1.79796875,-0.540920139,-0.314061931,-0.388196721,0.117338017,0.003184524,3.439253731,-0.576130884,-0.512427885,-0.310956731,0.31316317,0.034545455,1.641284981,-0.035210745,-0.198365954,0.077239991,0.195825153,0.031360931,-0.185625,-0.219593254,-0.23062191,-0.465737705,-0.157291179,-0.192380952,3.662,-0.343666667,-0.360666667,-0.4115,0.2095,0.027166667,5.307692308,-0.192307692,0,0.221774194,0.270289299,0.211061508,30441.78,10.32357115,0.006523678,0.035332494,0.126515287,-0.160053204,0.064149222,210.308,5.348573123,0.008413482,0.010372677,0.008417353,0.007863184,0.009172198,306.045,5.72373215,0.024406258,0.04789341,0.027927742,0.005058682,-0.030918949,24.59,4.04,-4.9,-10.62,19.93,-7.48
Q4 2019,34778539,0.02215,2.365628173,2.572102125,1.491130894,2.932191187,1.319767584,3.901037514,4.005331424,4.127067898,3.988627535,3.262074947,1.868062627,2.111890452,-0.957287381,3.331279279,2.753653476,3.435739555,3.541355356,1.549121788,3.91509258,4.228228647,3.6,0,-0.066666667,-0.2,0.033333333,0.066666667,2.629844664,1.287957839,3.501279334,0.710391754,1.572083118,1.576935484,-0.406658266,-0.321326885,-0.083440021,0.077540984,0.274629196,1.613387097,-0.015206653,-0.492517361,-0.343806922,-0.418688525,0.074558938,1.791935484,-0.006033266,-0.540920139,-0.314061931,-0.388196721,0.117338017,3.321212121,-0.11804161,-0.576130884,-0.512427885,-0.310956731,0.31316317,1.529276637,-0.112008344,-0.035210745,-0.198365954,0.077239991,0.195825153,0.215,0.400625,-0.219593254,-0.23062191,-0.465737705,-0.157291179,3.701,0.039,-0.343666667,-0.360666667,-0.4115,0.2095,4.834677419,-0.473014888,-0.192307692,0,0.221774194,0.270289299,33035.38,10.40533432,0.081763169,0.006523678,0.035332494,0.126515287,-0.160053204,212.493,5.358909047,0.010335924,0.008413482,0.010372677,0.008417353,0.007863184,299.572,5.702354789,-0.021377361,0.024406258,0.04789341,0.027927742,0.005058682,20.56,-4.03,4.04,-4.9,-10.62,19.93
Q1 2020,35893393,0.03209,-4.955763298,2.365628173,2.572102125,1.491130894,2.932191187,-3.382030386,3.901037514,4.005331424,4.127067898,3.988627535,2.584272723,1.868062627,2.111890452,-0.957287381,3.331279279,3.901503128,3.435739555,3.541355356,1.549121788,3.91509258,3.8,0.2,0,-0.066666667,-0.2,0.033333333,0.99701123,2.629844664,1.287957839,3.501279334,0.710391754,1.081612903,-0.495322581,-0.406658266,-0.321326885,-0.083440021,0.077540984,1.14483871,-0.468548387,-0.015206653,-0.492517361,-0.343806922,-0.418688525,1.365,-0.426935484,-0.006033266,-0.540920139,-0.314061931,-0.388196721,3.357692308,0.036480186,-0.11804161,-0.576130884,-0.512427885,-0.310956731,1.992692308,0.46341567,-0.112008344,-0.035210745,-0.198365954,0.077239991,0.283387097,0.068387097,0.400625,-0.219593254,-0.23062191,-0.465737705,3.513,-0.188,0.039,-0.343666667,-0.360666667,-0.4115,4.39516129,-0.439516129,-0.473014888,-0.192307692,0,0.221774194,25984.75,10.165265,-0.240069316,0.081763169,0.006523678,0.035332494,0.126515287,215.047,5.370856609,0.011947562,0.010335924,0.008413482,0.010372677,0.008417353,301.125,5.707525461,0.005170672,-0.021377361,0.024406258,0.04789341,0.027927742,82.69,62.13,-4.03,4.04,-4.9,-10.62
Q2 2020,37229412,-0.01223,-31.38318142,-4.955763298,2.365628173,2.572102125,1.491130894,-32.81959756,-3.382030386,3.901037514,4.005331424,4.127067898,48.55067781,2.584272723,1.868062627,2.111890452,-0.957287381,46.16633378,3.901503128,3.435739555,3.541355356,1.549121788,13.06666667,9.266666667,0.2,0,-0.066666667,-0.2,-3.101368341,0.99701123,2.629844664,1.287957839,3.501279334,0.142222222,-0.939390681,-0.495322581,-0.406658266,-0.321326885,-0.083440021,0.357460317,-0.787378392,-0.468548387,-0.015206653,-0.492517361,-0.343806922,0.687619048,-0.677380952,-0.426935484,-0.006033266,-0.540920139,-0.314061931,3.364307692,0.006615385,0.036480186,-0.11804161,-0.576130884,-0.512427885,2.676688645,0.683996337,0.46341567,-0.112008344,-0.035210745,-0.198365954,0.545396825,0.262009729,0.068387097,0.400625,-0.219593254,-0.23062191,3.233666667,-0.279333333,-0.188,0.039,-0.343666667,-0.360666667,3.25,-1.14516129,-0.439516129,-0.473014888,-0.192307692,0,31576.79,10.36017755,0.19491255,-0.240069316,0.081763169,0.006523678,0.035332494,218.327,5.385993939,0.01513733,0.011947562,0.010335924,0.008413482,0.010372677,302.157,5.71094675,0.003421289,0.005170672,-0.021377361,0.024406258,0.04789341,57.06,-25.63,62.13,-4.03,4.04,-4.9
Q3 2020,37437129,0.00525,33.44130589,-31.38318142,-4.955763298,2.365628173,2.572102125,38.34858193,-32.81959756,-3.382030386,3.901037514,4.005331424,-17.39748346,48.55067781,2.584272723,1.868062627,2.111890452,-14.37789131,46.16633378,3.901503128,3.435739555,3.541355356,8.8,-4.266666667,9.266666667,0.2,0,-0.066666667,4.679807302,-3.101368341,0.99701123,2.629844664,1.287957839,0.1134375,-0.028784722,-0.939390681,-0.495322581,-0.406658266,-0.321326885,0.27171875,-0.085741567,-0.787378392,-0.468548387,-0.015206653,-0.492517361,0.650625,-0.036994048,-0.677380952,-0.426935484,-0.006033266,-0.540920139,2.402848485,-0.961459207,0.006615385,0.036480186,-0.11804161,-0.576130884,1.752223485,-0.92446516,0.683996337,0.46341567,-0.112008344,-0.035210745,0.5371875,-0.008209325,0.262009729,0.068387097,0.400625,-0.219593254,2.947,-0.286666667,-0.279333333,-0.188,0.039,-0.343666667,3.25,0,-1.14516129,-0.439516129,-0.473014888,-0.192307692,34305.78,10.44306913,0.082891578,0.19491255,-0.240069316,0.081763169,0.006523678,223.664,5.410144926,0.024150987,0.01513733,0.011947562,0.010335924,0.008413482,299.6,5.702448252,-0.008498498,0.003421289,0.005170672,-0.021377361,0.024406258,33.6,-23.46,-25.63,62.13,-4.03,4.04
Q4 2020,38390955,0.03282,4.325252958,33.44130589,-31.38318142,-4.955763298,2.365628173,6.273246288,38.34858193,-32.81959756,-3.382030386,3.901037514,-7.5888374,-17.39748346,48.55067781,2.584272723,1.868062627,-6.239233487,-14.37789131,46.16633378,3.901503128,3.435739555,6.766666667,-2.033333333,-4.266666667,9.266666667,0.2,0,2.42975352,4.679807302,-3.101368341,0.99701123,2.629844664,0.092903226,-0.020534274,-0.028784722,-0.939390681,-0.495322581,-0.406658266,0.369516129,0.097797379,-0.085741567,-0.787378392,-0.468548387,-0.015206653,0.864516129,0.213891129,-0.036994048,-0.677380952,-0.426935484,-0.006033266,2.294126984,-0.108721501,-0.961459207,0.006615385,0.036480186,-0.11804161,1.429610855,-0.32261263,-0.92446516,0.683996337,0.46341567,-0.112008344,0.771612903,0.234425403,-0.008209325,0.262009729,0.068387097,0.400625,2.761,-0.186,-0.286666667,-0.279333333,-0.188,0.039,3.25,0,0,-1.14516129,-0.439516129,-0.473014888,39219.62,10.57693234,0.133863212,0.082891578,0.19491255,-0.240069316,0.081763169,231.755,5.445680779,0.035535853,0.024150987,0.01513733,0.011947562,0.010335924,310.933,5.739577455,0.037129203,-0.008498498,0.003421289,0.005170672,-0.021377361,40.28,6.68,-23.46,-25.63,62.13,-4.03
Q1 2021,39588748,0.01819,6.359807745,4.325252958,33.44130589,-31.38318142,-4.955763298,10.97172289,6.273246288,38.34858193,-32.81959756,-3.382030386,62.00681171,-7.5888374,-17.39748346,48.55067781,2.584272723,68.03273007,-6.239233487,-14.37789131,46.16633378,3.901503128,6.166666667,-0.6,-2.033333333,-4.266666667,9.266666667,0.2,3.74835753,2.42975352,4.679807302,-3.101368341,0.99701123,0.051147541,-0.041755685,-0.020534274,-0.028784722,-0.939390681,-0.495322581,0.618032787,0.248516658,0.097797379,-0.085741567,-0.787378392,-0.468548387,1.335901639,0.47138551,0.213891129,-0.036994048,-0.677380952,-0.426935484,2.433777778,0.139650794,-0.108721501,-0.961459207,0.006615385,0.036480186,1.097876138,-0.331734717,-0.32261263,-0.92446516,0.683996337,0.46341567,1.284754098,0.513141195,0.234425403,-0.008209325,0.262009729,0.068387097,2.875833333,0.114833333,-0.186,-0.286666667,-0.279333333,-0.188,3.25,0,0,0,-1.14516129,-0.439516129,41602.65,10.63591916,0.058986822,0.133863212,0.082891578,0.19491255,-0.240069316,240.249,5.481675886,0.035995106,0.035535853,0.024150987,0.01513733,0.011947562,312.317,5.744018698,0.004441243,0.037129203,-0.008498498,0.003421289,0.005170672,37.21,-3.07,6.68,-23.46,-25.63,62.13
Q2 2021,40071499,0.03023,9.881487181,6.359807745,4.325252958,33.44130589,-31.38318142,15.8983914,10.97172289,6.273246288,38.34858193,-32.81959756,-28.33395423,62.00681171,-7.5888374,-17.39748346,48.55067781,-24.07368693,68.03273007,-6.239233487,-14.37789131,46.16633378,5.933333333,-0.233333333,-0.6,-2.033333333,-4.266666667,9.266666667,7.949094594,3.74835753,2.42975352,4.679807302,-3.101368341,0.02515625,-0.025991291,-0.041755685,-0.020534274,-0.028784722,-0.939390681,0.840625,0.222592213,0.248516658,0.097797379,-0.085741567,-0.787378392,1.59078125,0.254879611,0.47138551,0.213891129,-0.036994048,-0.677380952,2.63865625,0.204878472,0.139650794,-0.108721501,-0.961459207,0.006615385,1.047875,-0.050001138,-0.331734717,-0.32261263,-0.92446516,0.683996337,1.565625,0.280870902,0.513141195,0.234425403,-0.008209325,0.262009729,2.999166667,0.123333333,0.114833333,-0.186,-0.286666667,-0.279333333,3.25,0,0,0,0,-1.14516129,44904.32,10.71228917,0.07637001,0.058986822,0.133863212,0.082891578,0.19491255,243.3282616,5.494411403,0.012735517,0.035995106,0.035535853,0.024150987,0.01513733,307.4397885,5.728279258,-0.015739439,0.004441243,0.037129203,-0.008498498,0.003421289,27.59,-9.62,-3.07,6.68,-23.46,-25.63
